{"chunk_definitions":[{"row":16,"row_count":1,"visible":true,"expansion_state":0,"options":{"engine":"r","label":"unnamed-chunk-1"},"document_id":"7776E872","chunk_id":"c0pnzjcaofnb6","chunk_label":"unnamed-chunk-1"},{"row":20,"row_count":1,"visible":true,"expansion_state":0,"options":{"engine":"r","label":"unnamed-chunk-2"},"document_id":"7776E872","chunk_id":"cicncn415xme9","chunk_label":"unnamed-chunk-2"},{"row":25,"row_count":1,"visible":true,"expansion_state":0,"options":{"engine":"r","label":"unnamed-chunk-3"},"document_id":"7776E872","chunk_id":"cze4at14cq0ag","chunk_label":"unnamed-chunk-3"},{"row":31,"row_count":1,"visible":true,"expansion_state":0,"options":{"engine":"r","label":"unnamed-chunk-4"},"document_id":"7776E872","chunk_id":"ciz4815d3k605","chunk_label":"unnamed-chunk-4"},{"row":49,"row_count":1,"visible":true,"expansion_state":0,"options":{"engine":"r","label":"unnamed-chunk-5"},"document_id":"7776E872","chunk_id":"cjak8ivywm121","chunk_label":"unnamed-chunk-5"},{"row":63,"row_count":1,"visible":true,"expansion_state":0,"options":{"engine":"r","label":"unnamed-chunk-6"},"document_id":"7776E872","chunk_id":"cho2y18cmuy4j","chunk_label":"unnamed-chunk-6"},{"row":74,"row_count":1,"visible":true,"expansion_state":0,"options":{"engine":"r","label":"unnamed-chunk-7"},"document_id":"7776E872","chunk_id":"clbrp4wkkgqnk","chunk_label":"unnamed-chunk-7"},{"row":81,"row_count":1,"visible":true,"expansion_state":0,"options":{"engine":"r","label":"unnamed-chunk-8"},"document_id":"7776E872","chunk_id":"c8q85wb8iktta","chunk_label":"unnamed-chunk-8"},{"row":91,"row_count":1,"visible":true,"expansion_state":0,"options":{"engine":"r","label":"unnamed-chunk-9"},"document_id":"7776E872","chunk_id":"c8f2idctorb0r","chunk_label":"unnamed-chunk-9"},{"row":98,"row_count":1,"visible":true,"expansion_state":0,"options":{"engine":"r","label":"unnamed-chunk-10"},"document_id":"7776E872","chunk_id":"c4tptirc8b5m5","chunk_label":"unnamed-chunk-10"},{"row":106,"row_count":1,"visible":true,"expansion_state":0,"options":{"engine":"r","label":"unnamed-chunk-11"},"document_id":"7776E872","chunk_id":"clle5aj1uudja","chunk_label":"unnamed-chunk-11"},{"row":112,"row_count":1,"visible":true,"expansion_state":0,"options":{"engine":"r","label":"unnamed-chunk-12"},"document_id":"7776E872","chunk_id":"c56yoryex51y7","chunk_label":"unnamed-chunk-12"},{"row":119,"row_count":1,"visible":true,"expansion_state":0,"options":{"engine":"r","label":"unnamed-chunk-13"},"document_id":"7776E872","chunk_id":"cgs33867trpr7","chunk_label":"unnamed-chunk-13"},{"row":136,"row_count":1,"visible":true,"expansion_state":0,"options":{"engine":"r","label":"unnamed-chunk-14"},"document_id":"7776E872","chunk_id":"c3kos7qjurjhm","chunk_label":"unnamed-chunk-14"},{"row":145,"row_count":1,"visible":true,"expansion_state":0,"options":{"engine":"r","label":"unnamed-chunk-15"},"document_id":"7776E872","chunk_id":"c3rgpuvto4fxw","chunk_label":"unnamed-chunk-15"},{"row":157,"row_count":1,"visible":true,"expansion_state":0,"options":{"engine":"r","label":"unnamed-chunk-23"},"document_id":"7776E872","chunk_id":"cp0tk7dlpjtl1","chunk_label":"unnamed-chunk-16"},{"row":167,"row_count":1,"visible":true,"expansion_state":0,"options":{"engine":"r","label":"unnamed-chunk-37"},"document_id":"7776E872","chunk_id":"cjglexg755k3n","chunk_label":"unnamed-chunk-17"},{"row":172,"row_count":1,"visible":true,"expansion_state":0,"options":{"engine":"r","label":"unnamed-chunk-24"},"document_id":"7776E872","chunk_id":"c7i7xd6shulfp","chunk_label":"unnamed-chunk-18"},{"row":179,"row_count":1,"visible":true,"expansion_state":0,"options":{"engine":"r","label":"unnamed-chunk-36"},"document_id":"7776E872","chunk_id":"cj483fziszicl","chunk_label":"unnamed-chunk-19"},{"row":184,"row_count":1,"visible":true,"expansion_state":0,"options":{"engine":"r","label":"unnamed-chunk-41"},"document_id":"7776E872","chunk_id":"cm6dqtnuq2mza","chunk_label":"unnamed-chunk-20"},{"row":192,"row_count":1,"visible":true,"expansion_state":0,"options":{"engine":"r","label":"unnamed-chunk-52"},"document_id":"7776E872","chunk_id":"ccoibmkegti1c","chunk_label":"unnamed-chunk-21"},{"row":204,"row_count":1,"visible":true,"expansion_state":0,"options":{"engine":"r","label":"unnamed-chunk-57"},"document_id":"7776E872","chunk_id":"c7iqrm5b6byny","chunk_label":"unnamed-chunk-22"},{"row":218,"row_count":1,"visible":true,"expansion_state":0,"options":{"engine":"r","label":"unnamed-chunk-58"},"document_id":"7776E872","chunk_id":"cs2ah0i0mucti","chunk_label":"unnamed-chunk-24"},{"row":223,"row_count":1,"visible":true,"expansion_state":0,"options":{"engine":"r","label":"unnamed-chunk-60"},"document_id":"7776E872","chunk_id":"cx31c4a3f8urp","chunk_label":"unnamed-chunk-25"}],"doc_write_time":1630688830}