{"chunk_definitions":[{"row":29,"row_count":1,"visible":true,"expansion_state":0,"options":[],"document_id":null,"chunk_id":"crk45fnc4u1eo","chunk_label":"unnamed-chunk-1"},{"row":51,"row_count":1,"visible":true,"expansion_state":0,"options":[],"document_id":null,"chunk_id":"cgg90bhvrpqa2","chunk_label":"unnamed-chunk-2"},{"row":73,"row_count":1,"visible":true,"expansion_state":0,"options":[],"document_id":null,"chunk_id":"c7kx2m8s1ozae","chunk_label":"unnamed-chunk-3"},{"row":95,"row_count":1,"visible":true,"expansion_state":0,"options":[],"document_id":null,"chunk_id":"c0oshq5my2yge","chunk_label":"unnamed-chunk-4"},{"row":126,"row_count":1,"visible":true,"expansion_state":0,"options":[],"document_id":null,"chunk_id":"c1htimowp3k74","chunk_label":"unnamed-chunk-5"},{"row":158,"row_count":1,"visible":true,"expansion_state":0,"options":[],"document_id":null,"chunk_id":"cu7uxx1s4ju00","chunk_label":"unnamed-chunk-6"},{"row":178,"row_count":1,"visible":true,"expansion_state":0,"options":[],"document_id":null,"chunk_id":"czwusy4rf1kiv","chunk_label":"unnamed-chunk-7"}],"doc_write_time":1615344798}