{"chunk_definitions":[{"chunk_id":"crk45fnc4u1eo","expansion_state":0,"options":[],"row":29,"row_count":1,"visible":true},{"chunk_id":"cgg90bhvrpqa2","expansion_state":0,"options":[],"row":51,"row_count":1,"visible":true},{"chunk_id":"c7kx2m8s1ozae","expansion_state":0,"options":[],"row":73,"row_count":1,"visible":true},{"chunk_id":"c0oshq5my2yge","expansion_state":0,"options":[],"row":95,"row_count":1,"visible":true},{"chunk_id":"c1htimowp3k74","expansion_state":0,"options":[],"row":126,"row_count":1,"visible":true},{"chunk_id":"cu7uxx1s4ju00","expansion_state":0,"options":[],"row":158,"row_count":1,"visible":true},{"chunk_id":"czwusy4rf1kiv","expansion_state":0,"options":[],"row":178,"row_count":1,"visible":true},{"chunk_id":"cl0ngz7t9zvoc","expansion_state":0,"options":[],"row":217,"row_count":1,"visible":true}],"doc_write_time":1615344800.28503}
