Id,SalePrice
1,160044.265625
2,140765.5625
3,246039.75
4,269158.0625
5,191175.296875
6,186397.984375
7,177383.5625
8,136928.015625
9,221552.59375
10,146517.390625
11,122751.2265625
12,177726.5
13,160476.90625
14,109130.8359375
15,253151.234375
16,238420.15625
17,192454.796875
18,181111.890625
19,179433.578125
20,186011.234375
21,134797.5625
22,132245.703125
23,129447.015625
24,295052.5625
25,150163.734375
26,150319.390625
27,191125.09375
28,213903.890625
29,211857.4375
30,123036.78125
31,151332.9375
32,157010.0625
33,170164.15625
34,190809.203125
35,177149.0625
36,175472
37,177188.0625
38,187478.28125
39,226348.375
40,161859.734375
41,209541.140625
42,233661.734375
43,176301.375
44,247698.109375
45,187315.640625
46,158832.140625
47,152376.40625
48,171473.890625
49,141806.578125
50,166157.984375
51,209782.078125
52,131110.875
53,220777.421875
54,133478.53125
55,216152.625
56,176547.109375
57,242806.34375
58,139717.71875
59,236762.609375
60,147408
61,211644.921875
62,149161.234375
63,168218.40625
64,178407.140625
65,99175.3203125
66,164268.390625
67,155566.875
68,173388.890625
69,120776.234375
70,107013.6171875
71,157770.609375
72,178496.84375
73,162245.59375
74,190382.515625
75,217454.765625
76,155640.984375
77,162045.984375
78,160685.65625
79,186800.15625
80,206494.484375
81,210698.8125
82,163563.28125
83,172855.75
84,194208.21875
85,165384.984375
86,197034.953125
87,125947.6484375
88,196946.53125
89,119219.3046875
90,165962.1875
91,195660.078125
92,224846.109375
93,178831.65625
94,166697.953125
95,178747.640625
96,175151.953125
97,126783.953125
98,218278.9375
99,192901.125
100,141530.28125
101,149922.359375
102,145318.03125
103,184503.078125
104,224058.21875
105,171481.140625
106,173586.234375
107,214086.9375
108,214346.4375
109,208166.125
110,140779.734375
111,197525.046875
112,163350.484375
113,147063.59375
114,147678.28125
115,174285.171875
116,230675.421875
117,159769.921875
118,122317.171875
119,357969.90625
120,172373.4375
121,175046.4375
122,163424.109375
123,165857.578125
124,155375.546875
125,215307.015625
126,171250.796875
127,256090.921875
128,129337.0234375
129,232661.734375
130,263662.4375
131,162375.90625
132,187722.125
133,171545.703125
134,143169.421875
135,125628.484375
136,213178.9375
137,202756.484375
138,194583.671875
139,187190.875
140,194989.8125
141,142508.78125
142,175121.25
143,223577.671875
144,150560.359375
145,161786.5625
146,230703.9375
147,224877.765625
148,171995.078125
149,159605.625
150,154726.515625
151,120968.2578125
152,190823.8125
153,192018.59375
154,342050.78125
155,177558.21875
156,159100.375
157,164654.859375
158,151723.078125
159,130986.390625
160,188259.21875
161,166687.109375
162,195176.953125
163,166313.203125
164,261581.546875
165,149025.796875
166,223638.953125
167,148140
168,154050.640625
169,163890.4375
170,149911.546875
171,166805.078125
172,145383.359375
173,185722.59375
174,276254.21875
175,127686.5625
176,183973.953125
177,192131.953125
178,161397.578125
179,154135.71875
180,140046.46875
181,216251.484375
182,189733.796875
183,150069.796875
184,162686.5625
185,147702.71875
186,172709.78125
187,183085.171875
188,153166.125
189,100803.1640625
190,181265.484375
191,272839.25
192,138823.140625
193,196971.796875
194,133216.828125
195,161676.078125
196,121632.8203125
197,175020.03125
198,171626.6875
199,172686.578125
200,152519.6875
201,191766.765625
202,183394.453125
203,261146.515625
204,139619.203125
205,162910.703125
206,140654.484375
207,130314.03125
208,139482.09375
209,215996.921875
210,153080.09375
211,168119.171875
212,119226.7421875
213,195872.6875
214,213569.71875
215,155407.75
216,220617.375
217,134288.703125
218,166426.3125
219,204277.4375
220,138925.375
221,225080.875
222,155378.328125
223,135006.625
224,175871.828125
225,181459.921875
226,203526.40625
227,137253.125
228,158144.578125
229,138780.390625
230,172165.421875
231,137641.59375
232,125464.6171875
233,129036.703125
234,126700.1484375
235,186410.21875
236,136038.609375
237,116760.2734375
238,193419.96875
239,247122.875
240,189300.96875
241,162100.328125
242,203069
243,163103.59375
244,154211.421875
245,147135.640625
246,118396.890625
247,282832.0625
248,133931.5625
249,152619.453125
250,194363.53125
251,165550.96875
252,212962.25
253,167545.515625
254,136249.09375
255,146406.40625
256,141555.015625
257,265960.53125
258,108313.671875
259,151182.296875
260,177123.9375
261,123101.953125
262,141799.375
263,153296
264,178783.265625
265,137091.03125
266,102463.4375
267,125225.0546875
268,184648.6875
269,187461.96875
270,138369.578125
271,130422.109375
272,143260.6875
273,166347.203125
274,95376.296875
275,244183.6875
276,206294.59375
277,118845.6484375
278,184072.953125
279,198976.15625
280,233543.5625
281,125744.9375
282,222367.859375
283,173903.203125
284,174673.15625
285,226379.84375
286,166335
287,167829.59375
288,126325.6796875
289,180439.609375
290,184054.375
291,148257.125
292,161377.796875
293,157519.8125
294,137966.796875
295,121348.5625
296,130686.65625
297,288455.5625
298,131088.796875
299,168931.5
300,149561.03125
301,199799.921875
302,182304.609375
303,145578.34375
304,212913.984375
305,142279.6875
306,162306.953125
307,121033.3828125
308,283632.59375
309,147882.1875
310,139650.1875
311,200978.84375
312,151571.046875
313,123680.0546875
314,123593.203125
315,200427.28125
316,167676.125
317,183967.28125
318,161047.078125
319,163896
320,140486.640625
321,134946.0625
322,297049.84375
323,101252.015625
324,188990.828125
325,147890.34375
326,175830.296875
327,226836.8125
328,205550.203125
329,203520.296875
330,174671.453125
331,127026.0859375
332,121698.4609375
333,135062.5
334,167318.453125
335,173144.140625
336,139918.5625
337,205308.546875
338,121712.125
339,165599.625
340,200922.703125
341,119422.3671875
342,223595.875
343,221827.125
344,174210.96875
345,108407.75
346,137468.046875
347,132961.28125
348,168859.671875
349,177127.78125
350,129962.6484375
351,145093.90625
352,141252.640625
353,181888.796875
354,150812.484375
355,128912.328125
356,178591.5
357,231584.9375
358,134524.15625
359,142783.53125
360,125741.09375
361,163174.0625
362,143356.84375
363,171206.515625
364,165362.03125
365,125851.2109375
366,203513.375
367,182741.875
368,173214.640625
369,160320.59375
370,256136.71875
371,192771.28125
372,202535.796875
373,192900.65625
374,189595.859375
375,164363.953125
376,164325.4375
377,142745.328125
378,170454.96875
379,185605.3125
380,184306.453125
381,109470.90625
382,178023.34375
383,250866.640625
384,144906.59375
385,202307.296875
386,197713.125
387,119926.1171875
388,158824.203125
389,181974.59375
390,125768.2109375
391,136798.71875
392,154131.078125
393,196248.0625
394,181229.328125
395,134062.015625
396,147936.875
397,142453.96875
398,124251.078125
399,167750.4375
400,149078.46875
401,141951.09375
402,174565.109375
403,144247.125
404,156169.609375
405,107520.3359375
406,149736.84375
407,117000.9140625
408,187474.546875
409,141067.203125
410,139792.59375
411,135263.65625
412,209931.625
413,171768.34375
414,200478.8125
415,170239.328125
416,167067.140625
417,142168.453125
418,180251.125
419,139390.265625
420,150462.84375
421,147445.46875
422,195631.53125
423,186378.421875
424,204202.328125
425,145316.71875
426,175878.59375
427,231893.984375
428,157364.375
429,204529.703125
430,160707.9375
431,137503.59375
432,131637.953125
433,158479.875
434,202197.40625
435,166291.375
436,154046.546875
437,145964.90625
438,175818.5625
439,174977.828125
440,102284.1640625
441,147140.796875
442,143380.53125
443,218300.046875
444,153862.25
445,211433.03125
446,198492.875
447,217345.53125
448,199096.265625
449,127088.6640625
450,125435.34375
451,163447.5
452,135135.5
453,153452
454,160905.875
455,158531.265625
456,252941.625
457,199504.203125
458,150390
459,259865.359375
460,170725.625
461,175977.34375
462,237352.53125
463,155093.484375
464,184079.1875
465,183078.8125
466,207146.15625
467,165501.40625
468,185994.171875
469,162701.609375
470,235716.328125
471,179353.90625
472,182445.59375
473,198929.4375
474,101990.0390625
475,202080.78125
476,137187.734375
477,154475.171875
478,168486.328125
479,199523.171875
480,207258.03125
481,162368.0625
482,122071.1015625
483,160549.265625
484,212908.9375
485,155051.859375
486,226407.265625
487,143124.046875
488,166505.28125
489,108977.71875
490,168707.828125
491,182700.234375
492,125359.59375
493,192601.5
494,108572.34375
495,149893.265625
496,175119.5
497,191296.15625
498,213633.078125
499,119849.265625
500,163299.40625
501,176853.3125
502,132282.15625
503,186251.984375
504,209154.671875
505,216499.25
506,173198.3125
507,243020.9375
508,137961.796875
509,240094.21875
510,182539.734375
511,187515
512,126802.5625
513,217334.359375
514,204617.96875
515,262207.1875
516,165505.90625
517,153723.703125
518,158230.34375
519,144535.75
520,179668.09375
521,121883.21875
522,143159.3125
523,231339.46875
524,154166.5625
525,188245.046875
526,146192.9375
527,230838.390625
528,213407.296875
529,200213.890625
530,139715.0625
531,200026.9375
532,168874.921875
533,180210.734375
534,222666.46875
535,181751.875
536,215654.5625
537,236695.34375
538,99851.2578125
539,152407.125
540,132602.28125
541,155130.859375
542,151164.84375
543,149553.71875
544,141173.265625
545,195552.59375
546,172942.65625
547,132344.984375
548,129578.875
549,145782.765625
550,191701.625
551,137348.25
552,220518.21875
553,173704.3125
554,190805.03125
555,250937.5625
556,226670.40625
557,115206.0234375
558,139479.859375
559,138329.71875
560,158316.515625
561,116516.0703125
562,251654.40625
563,218782.890625
564,204887.015625
565,230670.78125
566,154945.203125
567,160033.828125
568,224960.0625
569,163150.34375
570,115623.5234375
571,164684.609375
572,153171.15625
573,181283.59375
574,145825.890625
575,193920.65625
576,168822.9375
577,183956.03125
578,119814.46875
579,148536.6875
580,137827.984375
581,213154.15625
582,135273.484375
583,180692.34375
584,243504.96875
585,219248.453125
586,210730.5
587,136679.296875
588,151444.40625
589,246085.03125
590,251249.515625
591,230549.234375
592,305244.3125
593,142691.765625
594,176056.078125
595,245324.453125
596,172485.96875
597,163964.28125
598,140757.03125
599,204548.5
600,178823.65625
601,159051.265625
602,165612.890625
603,115459.5390625
604,120110.8671875
605,145934.015625
606,158006.15625
607,219200.390625
608,214909.59375
609,144804
610,106108.4921875
611,139449.34375
612,245277.359375
613,115036.0390625
614,199314.4375
615,192181.21875
616,192182.625
617,186299.390625
618,147275.296875
619,162683.625
620,190544.640625
621,273943.15625
622,191760.46875
623,123697.7265625
624,164935.40625
625,184862.265625
626,163784.8125
627,215257.4375
628,129503.8046875
629,171966.203125
630,142316.140625
631,180073.765625
632,216227.171875
633,175636.953125
634,149352.8125
635,174645
636,176903.625
637,162330.421875
638,129919.953125
639,253182.984375
640,177295.765625
641,221389.34375
642,166186.609375
643,128440.3203125
644,141072.28125
645,214516.90625
646,127936.6875
647,222917.890625
648,184494.078125
649,106303.40625
650,176707.828125
651,127181.6796875
652,132170.484375
653,148805.4375
654,193772.8125
655,181660.59375
656,136590.890625
657,154083
658,159025.46875
659,164211.078125
660,151439.234375
661,178507.609375
662,189486.6875
663,226274.65625
664,177453.984375
665,134853.625
666,175755.171875
667,173159.6875
668,119981.6875
669,125750.265625
670,186440.796875
671,131694.578125
672,206059.34375
673,178691.328125
674,178492.515625
675,187508.3125
676,161234.078125
677,187623.46875
678,146138.671875
679,146915.0625
680,171372.859375
681,188654.328125
682,145891.140625
683,197927.390625
684,148950.6875
685,200440.171875
686,183260.953125
687,159890.328125
688,224944.25
689,176016.4375
690,153390.46875
691,134772.625
692,221840.90625
693,170251.296875
694,178007.15625
695,168644.71875
696,129720.9375
697,144708.03125
698,209910.046875
699,165426.09375
700,176392.171875
701,216826.703125
702,218868.046875
703,130838.9296875
704,146437.546875
705,160730.46875
706,199005.25
707,206750.640625
708,121457.9453125
709,166864.796875
710,137848.71875
711,159318.203125
712,167837.703125
713,132666.125
714,140879.421875
715,189485.671875
716,179600.109375
717,134375.5
718,166797.578125
719,178009.75
720,142492.234375
721,148143.734375
722,157324.640625
723,158421.40625
724,131052.9140625
725,160791.328125
726,148122.78125
727,164904.984375
728,218938.265625
729,231992.84375
730,180197.109375
731,154027.28125
732,192229.171875
733,145352.59375
734,188489.75
735,158758.484375
736,195906.453125
737,155791.71875
738,150124.625
739,182920.453125
740,111693.734375
741,135132.375
742,197760.03125
743,177803.546875
744,175894.25
745,174158.3125
746,119535.984375
747,170666.515625
748,224129.578125
749,161872.359375
750,219763.21875
751,226064.859375
752,203939.84375
753,169756.546875
754,193235.453125
755,287397.59375
756,161014.84375
757,183197.125
758,153592.25
759,187253.9375
760,149002.640625
761,198587.5
762,226129.0625
763,241658.921875
764,190467.53125
765,243779.390625
766,168198.875
767,101350.9453125
768,256115.484375
769,157942.109375
770,186501.46875
771,180582.875
772,185243.5625
773,180974.5
774,169172.265625
775,245735.234375
776,139770.515625
777,155170.859375
778,203078.953125
779,228806.71875
780,172218.796875
781,154638.921875
782,134600.28125
783,156867.125
784,102385.9375
785,157460.609375
786,166607.03125
787,182685.96875
788,182128.46875
789,181048.796875
790,186760.328125
791,123689.6484375
792,145726.09375
793,128799.8046875
794,228461.4375
795,162138.15625
796,170104.90625
797,134893.359375
798,151870.671875
799,167320.671875
800,163361.90625
801,175098.28125
802,142994.5625
803,158862.59375
804,148612.3125
805,167621.203125
806,189014.390625
807,140340.734375
808,152540.8125
809,217667.28125
810,152548.3125
811,118632.578125
812,205494.890625
813,145722.578125
814,244980.609375
815,219172.40625
816,214084.09375
817,335421.75
818,173017.515625
819,189038.359375
820,221062.6875
821,138950
822,141303.109375
823,184067.921875
824,268107.0625
825,213437.203125
826,211458.421875
827,171133.171875
828,137647.953125
829,170158
830,166410.96875
831,146786.609375
832,165825.3125
833,188958.484375
834,274981.09375
835,154307.09375
836,151712.875
837,151679.859375
838,131139.96875
839,113236.453125
840,202233.203125
841,117998.5078125
842,184430.875
843,137116.296875
844,130844.453125
845,172663.046875
846,137610.96875
847,157439.75
848,147173.75
849,129904.4921875
850,196612.515625
851,165194.28125
852,152130.953125
853,152917.3125
854,129306.9609375
855,127451.1875
856,293118.4375
857,177666.625
858,202037.359375
859,230758.015625
860,190062.546875
861,184129.390625
862,198651.609375
863,290966.9375
864,191136.5
865,210932.25
866,150838.828125
867,149181.640625
868,167187.765625
869,171191.125
870,149130.4375
871,259136.296875
872,133933.4375
873,181607.0625
874,180718.296875
875,167577.984375
876,147618.8125
877,139814.75
878,294551.53125
879,165140.265625
880,186158.28125
881,225251.09375
882,147550.1875
883,126817.609375
884,100982.21875
885,155859.171875
886,184177.96875
887,257029.5
888,170615.59375
889,189960.15625
890,215522.5625
891,114644.8203125
892,195940.625
893,155485.578125
894,152956.015625
895,148227.90625
896,117026.4609375
897,191595.78125
898,178439.546875
899,144792.71875
900,166401.390625
901,182174.125
902,119686.90625
903,171492.453125
904,283390.03125
905,164642.75
906,161742.140625
907,138577.640625
908,175978.53125
909,169565.296875
910,122933.0390625
911,171611.4375
912,189339.765625
913,142162.90625
914,194946.796875
915,195881.390625
916,135219.65625
917,166613.140625
918,172345.359375
919,137098.15625
920,109493.75
921,241931.296875
922,279395.59375
923,173273.578125
924,147937.0625
925,188358.734375
926,173731.65625
927,135399.328125
928,199286.15625
929,194287.5625
930,141376.71875
931,106064.2265625
932,194461.546875
933,180984.453125
934,169236.09375
935,169947.796875
936,160663.640625
937,183598.21875
938,243264.984375
939,202119.140625
940,189514.109375
941,202834.40625
942,259091.859375
943,196662.359375
944,211818.875
945,183788.375
946,163194.625
947,146901.203125
948,172067.765625
949,145205.375
950,177006.078125
951,183633.890625
952,222742.890625
953,126457.9375
954,210549.15625
955,188191.015625
956,132746.6875
957,164625.03125
958,139619.734375
959,241397.0625
960,261626.9375
961,143029.6875
962,136450.109375
963,157616.703125
964,122829.296875
965,128894.1484375
966,194539.96875
967,169304.828125
968,146774.921875
969,124218.1796875
970,169838.40625
971,225721.328125
972,250273.78125
973,157776.046875
974,131941.46875
975,107929.7421875
976,133917.921875
977,198540.84375
978,167057.546875
979,158949.296875
980,145988.796875
981,134554.203125
982,168612.46875
983,160041.171875
984,123442.65625
985,104834.3515625
986,171202.734375
987,216816.734375
988,150255.8125
989,191403.53125
990,240611.125
991,176647.625
992,145668.96875
993,203282.734375
994,174637.984375
995,154697.875
996,157031.375
997,167277.171875
998,151754.625
999,169938.140625
1000,260651.625
1001,202310.15625
1002,138586.390625
1003,111444.671875
1004,102771.75
1005,166319.03125
1006,157868.453125
1007,163661.796875
1008,135730.4375
1009,140232.265625
1010,178040
1011,142186.828125
1012,173846.125
1013,147388.828125
1014,131392.078125
1015,129063.9296875
1016,144154.421875
1017,126028.1171875
1018,184195.09375
1019,146745.109375
1020,179524.3125
1021,123386.2890625
1022,175325.109375
1023,118317.046875
1024,163535.5625
1025,187420.875
1026,143445.765625
1027,189492.375
1028,155481.21875
1029,168777.921875
1030,168857.515625
1031,204874.609375
1032,120421.5625
1033,166000.140625
1034,179103.53125
1035,149132.765625
1036,169029.46875
1037,223006.03125
1038,215023.796875
1039,157037.578125
1040,167350.203125
1041,244043.8125
1042,215454.796875
1043,201818.578125
1044,293636.28125
1045,177529.625
1046,215990.203125
1047,178728.359375
1048,143447.890625
1049,143307.375
1050,179998.390625
1051,123950.6953125
1052,199818.046875
1053,170674.59375
1054,162389.53125
1055,144331.6875
1056,174374.328125
1057,172114.265625
1058,122334.7578125
1059,187523.15625
1060,157298.515625
1061,163445.265625
1062,155296.796875
1063,173048.28125
1064,190746.625
1065,234120.25
1066,156738.109375
1067,150442.671875
1068,151655.03125
1069,124627.2109375
1070,128623.4140625
1071,105061.21875
1072,165867.171875
1073,120670.53125
1074,138892.671875
1075,262120.625
1076,160355.984375
1077,136220.84375
1078,154913.15625
1079,119109.34375
1080,171516.40625
1081,181395.1875
1082,161144.03125
1083,136277.625
1084,152613.078125
1085,171921.625
1086,137847.421875
1087,139280.0625
1088,179275.046875
1089,149891.859375
1090,153690.5625
1091,256904.109375
1092,108009.609375
1093,160032.875
1094,207027.171875
1095,149645.21875
1096,238499.078125
1097,198698.96875
1098,210184.359375
1099,129828.4140625
1100,179885.78125
1101,139054.5
1102,160134.640625
1103,157916.3125
1104,166323.515625
1105,183337.734375
1106,174659.34375
1107,222309.90625
1108,134710.171875
1109,126535.7734375
1110,186802.125
1111,149351.46875
1112,184081.125
1113,232861.265625
1114,159198.515625
1115,127948.9296875
1116,137936.8125
1117,261243.1875
1118,172711.3125
1119,156863.234375
1120,125512.65625
1121,239042.953125
1122,181903.6875
1123,188791.890625
1124,229725.96875
1125,190564.015625
1126,167422.21875
1127,168452.109375
1128,155168.65625
1129,230401.375
1130,171798.15625
1131,137765.890625
1132,172488.390625
1133,141907.828125
1134,154176.984375
1135,134947.796875
1136,173175.453125
1137,189111.625
1138,161712.078125
1139,157022.40625
1140,151146.578125
1141,166965.8125
1142,145734.21875
1143,130610.46875
1144,212898.203125
1145,149385.1875
1146,252667.359375
1147,151189.78125
1148,153647.71875
1149,247691.453125
1150,132717.234375
1151,124234.15625
1152,142490.09375
1153,130997.109375
1154,138723.671875
1155,166943.21875
1156,218880
1157,135503.5
1158,179008.875
1159,152697.515625
1160,135457.71875
1161,140522.5
1162,128686.3515625
1163,225065.71875
1164,208319.890625
1165,148880.703125
1166,183402.15625
1167,190415.453125
1168,195359.796875
1169,172831.125
1170,208934.4375
1171,152830.21875
1172,168378.84375
1173,160127.703125
1174,220317.953125
1175,218265.578125
1176,213490.984375
1177,158521.546875
1178,129006.6953125
1179,195647.171875
1180,154991.890625
1181,128836.671875
1182,193112.96875
1183,154994.671875
1184,160771.0625
1185,261426.359375
1186,97507.125
1187,220156.703125
1188,135009.46875
1189,228929.453125
1190,141950.8125
1191,217678.3125
1192,151831.09375
1193,241099.390625
1194,160254.234375
1195,200046.59375
1196,246482.34375
1197,176881.140625
1198,127757.2578125
1199,175540.015625
1200,148992.515625
1201,256517.9375
1202,144740.796875
1203,153649.484375
1204,203605.5625
1205,161977.90625
1206,195656.859375
1207,159406.90625
1208,154028.046875
1209,153828.78125
1210,153186.984375
1211,143586.5
1212,152432.21875
1213,185381.671875
1214,215594.125
1215,123603.90625
1216,214017.5625
1217,214967.34375
1218,183838.84375
1219,192463.859375
1220,193040.390625
1221,142541.078125
1222,189466.90625
1223,253895.40625
1224,192200.046875
1225,163592.65625
1226,151115.578125
1227,293519.8125
1228,149910.46875
1229,140096.03125
1230,129471.359375
1231,244093.6875
1232,142933.234375
1233,190345.453125
1234,160190.28125
1235,238973.46875
1236,137304.984375
1237,168042.9375
1238,147590.875
1239,158185.796875
1240,109137.8671875
1241,167145.046875
1242,134063.546875
1243,139688.515625
1244,196154.15625
1245,136064.375
1246,129617.6640625
1247,158744.828125
1248,114826.6796875
1249,126287.9296875
1250,129778.09375
1251,180069.015625
1252,181481.328125
1253,220905.0625
1254,168303
1255,172016.59375
1256,160543.921875
1257,267307.5625
1258,146311.953125
1259,214801.921875
1260,158984.203125
1261,208938.1875
1262,178150.6875
1263,157275.5
1264,183173
1265,163813.4375
1266,201642.6875
1267,144501.75
1268,198283.53125
1269,194231.265625
1270,153916.25
1271,171551.5
1272,135848.90625
1273,179400.109375
1274,116862.40625
1275,201769.90625
1276,169937.484375
1277,220913
1278,147122.875
1279,173311
1280,171458.375
1281,204486.1875
1282,187255.109375
1283,147921.71875
1284,164125.0625
1285,181184.1875
1286,201801.125
1287,161237.390625
1288,175018.203125
1289,140131.28125
1290,162305.3125
1291,209848.0625
1292,138377.28125
1293,106092.9296875
1294,211557.1875
1295,152918.140625
1296,143409.484375
1297,111940.1796875
1298,140034.671875
1299,146171.453125
1300,143565.515625
1301,157428.734375
1302,113837.578125
1303,190524.75
1304,144673.46875
1305,168437.125
1306,137299.046875
1307,162525.953125
1308,180926.765625
1309,220600.96875
1310,161012.765625
1311,226099.140625
1312,182884.265625
1313,165107.90625
1314,146585.765625
1315,153736.515625
1316,168246.796875
1317,235053.40625
1318,155617.609375
1319,150197.921875
1320,157377.65625
1321,133643.953125
1322,147557.171875
1323,140176.46875
1324,164058.828125
1325,155946.625
1326,119112.46875
1327,175347.109375
1328,217524.390625
1329,162176.8125
1330,259608.859375
1331,106344.0546875
1332,205040.515625
1333,322865.5
1334,203838.71875
1335,203347.90625
1336,174719.84375
1337,117336.09375
1338,162129.171875
1339,237506.140625
1340,114212.4296875
1341,154335.40625
1342,179870.78125
1343,169391.953125
1344,160627.5
1345,142990.828125
1346,186614.375
1347,115455.4453125
1348,167632.421875
1349,151505.46875
1350,126342.796875
1351,181471.09375
1352,145323.09375
1353,231002.734375
1354,143724.625
1355,195772.171875
1356,161500.8125
1357,173283.859375
1358,150580.609375
1359,115555.5390625
1360,149712.65625
1361,185410.5625
1362,108674.21875
1363,219153.265625
1364,292009.6875
1365,162609.078125
1366,160624.09375
1367,205172.53125
1368,177324.1875
1369,227734.9375
1370,153071.109375
1371,184853.5
1372,137495.765625
1373,118079.8515625
1374,136905.96875
1375,154815.0625
1376,127078.8515625
1377,216087.75
1378,192449.171875
1379,152961.703125
1380,154315.234375
1381,134354.671875
1382,119530.4765625
1383,125431.859375
1384,164474.109375
1385,177415.671875
1386,173249.71875
1387,191940.828125
1388,178876.84375
1389,151757.640625
1390,209783.890625
1391,190494.234375
1392,155523.859375
1393,138321.546875
1394,166749.890625
1395,209041.453125
1396,128212.109375
1397,184719.546875
1398,190458.234375
1399,127051.625
1400,154012.296875
1401,172192.03125
1402,178556.5625
1403,214965.015625
1404,151836.40625
1405,188275.265625
1406,258860.8125
1407,176921.015625
1408,131870.140625
1409,158921.09375
1410,158413.21875
1411,208034.90625
1412,173752.046875
1413,237357.390625
1414,244555.265625
1415,93324.59375
1416,126190.484375
1417,229830.078125
1418,122707.7109375
1419,218615.890625
1420,150869.140625
1421,162917.8125
1422,176844.34375
1423,264041.28125
1424,186228.75
1425,150160.359375
1426,142087
1427,136367.21875
1428,205577.34375
1429,249728.734375
1430,138810.546875
1431,188684.203125
1432,148529.6875
1433,234809.21875
1434,102837.71875
1435,182884.3125
1436,168770.171875
1437,147613.0625
1438,218748.40625
1439,160356.484375
1440,165581
1441,184432.296875
1442,200027.46875
1443,170407.375
1444,134464.0625
1445,225039.421875
1446,203175.34375
1447,159615.5
1448,114665.5546875
1449,217325.046875
1450,177507.25
1451,153828.125
1452,202377.28125
1453,180026.671875
1454,170694.765625
1455,213485.40625
1456,157261.6875
1457,128726.7421875
1458,128053.484375
1459,193522.671875
1460,115903.4609375
1461,172896.0625
1462,164693.28125
1463,159558.609375
1464,142290.5
1465,124573.0625
1466,144491.53125
1467,177442.46875
1468,135502.40625
1469,192558.484375
1470,155052.984375
1471,217934.453125
1472,234143.3125
1473,130490.6640625
1474,261893.4375
1475,126082.765625
1476,157088.671875
1477,140232.234375
1478,185004.890625
1479,164648.015625
1480,129794.140625
1481,173402.640625
1482,201707.75
1483,156063.015625
1484,159557.53125
1485,157837.890625
1486,176713.9375
1487,278423.15625
1488,138685
1489,151951.015625
1490,116396.125
1491,171429.40625
1492,169986.234375
1493,127429.5234375
1494,143083.84375
1495,175883.453125
1496,115737.375
1497,228853.0625
1498,217624.390625
1499,157516.265625
1500,119524.1953125
1501,167658.109375
1502,159386.25
1503,212030.671875
1504,180505.078125
1505,184073.46875
1506,191622.375
1507,224354.328125
1508,153232.125
1509,122041.1015625
1510,101228.9453125
1511,123005.2265625
1512,198232.015625
1513,177343.75
1514,152748.40625
1515,183585.359375
1516,212067.640625
1517,160405.109375
1518,166940.140625
1519,145426.421875
1520,157484.265625
1521,245767.015625
1522,242557.28125
1523,179471.265625
1524,124884.5546875
1525,151836.796875
1526,125716.484375
1527,184715.734375
1528,200154.296875
1529,285893.15625
1530,165869.96875
1531,248753.078125
1532,217395.34375
1533,222015.625
1534,112752.5234375
1535,158454.21875
1536,104943.125
1537,111432.8203125
1538,211111.71875
1539,168966.1875
1540,149326.421875
1541,174059.9375
1542,156576.921875
1543,156685.984375
1544,150182.1875
1545,173983.609375
1546,154753.90625
1547,201608.609375
1548,213257.671875
1549,119674.9375
1550,175920.765625
1551,163578
1552,177073.90625
1553,123837.015625
1554,135721
1555,200913.75
1556,178634.59375
1557,168292.28125
1558,144947.375
1559,211135.734375
1560,215399.46875
1561,127288.25
1562,237401
1563,210714.0625
1564,109114.109375
1565,121508.0546875
1566,159471.296875
1567,138240.109375
1568,141674.546875
1569,177125
1570,194395.03125
1571,171404.296875
1572,140954.890625
1573,139975.1875
1574,208702.25
1575,169762.03125
1576,273129.53125
1577,188853.859375
1578,183922.59375
1579,167368.046875
1580,160280.578125
1581,157806.96875
1582,164752.75
1583,190412.75
1584,218962.34375
1585,140669.046875
1586,107415
1587,190361.796875
1588,187553.234375
1589,125213.0859375
1590,181675.65625
1591,157468.9375
1592,158302.171875
1593,154557.75
1594,147743.9375
1595,134208.84375
1596,176269.28125
1597,190434.40625
1598,181391.328125
1599,170539.09375
1600,90117.53125
1601,117500.15625
1602,150884.796875
1603,148576.71875
1604,176979.796875
1605,175362.09375
1606,168337.71875
1607,152069.109375
1608,194991.859375
1609,151550.796875
1610,135383.3125
1611,162212.9375
1612,167370.46875
1613,181674.65625
1614,141190.828125
1615,197007.875
1616,177689.046875
1617,155610.5
1618,202659.84375
1619,168825.484375
1620,285917.875
1621,100618.609375
1622,299999.59375
1623,187948.671875
1624,172845.65625
1625,170491.296875
1626,228079.65625
1627,144454.078125
1628,187114.828125
1629,199311.265625
1630,207501.984375
1631,259262
1632,161482.71875
1633,273537.25
1634,161744.78125
1635,190217.65625
1636,131120.25
1637,246937.953125
1638,151889.515625
1639,188286.53125
1640,139852.015625
1641,189390.296875
1642,120435.8046875
1643,133795.40625
1644,210365.09375
1645,262632.8125
1646,140938.53125
1647,200283.875
1648,172611.34375
1649,185383.515625
1650,152074.359375
1651,143578.21875
1652,256895.984375
1653,138564.078125
1654,173971.078125
1655,180115.90625
1656,158881.546875
1657,237578.953125
1658,195605.375
1659,199621.390625
1660,205456.71875
1661,157767.921875
1662,152561.171875
1663,244923.0625
1664,164999.203125
1665,190378.65625
1666,124446.59375
1667,143149.015625
1668,173441.59375
1669,153145.703125
1670,148083.546875
1671,132017.953125
1672,168912.125
1673,205417.609375
1674,136427.6875
1675,187663.4375
1676,123307.3828125
1677,172550.59375
1678,163872.25
1679,168548.828125
1680,161554.21875
1681,155632.09375
1682,152657.015625
1683,141266.25
1684,177017.984375
1685,170413.375
1686,183631.265625
1687,137392.75
1688,195424.046875
1689,173584.171875
1690,142703.75
1691,193255.890625
1692,230683.9375
1693,307226.28125
1694,160849.109375
1695,146889.078125
1696,152753.984375
1697,261855.390625
1698,179794.953125
1699,289961.65625
1700,201184.546875
1701,156064.953125
1702,253679.28125
1703,184873.328125
1704,175462.453125
1705,166908.65625
1706,158861.921875
1707,234062.890625
1708,148093.890625
1709,146495.125
1710,158498.84375
1711,143783.484375
1712,154226.046875
1713,121844.90625
1714,165269.171875
1715,141101.671875
1716,180667.640625
1717,189111.015625
1718,196018.296875
1719,145820.59375
1720,144440.890625
1721,256051.296875
1722,180680.78125
1723,120562.2265625
1724,169870.984375
1725,130715.59375
1726,116138.4296875
1727,163604.375
1728,137275.953125
1729,149781.15625
1730,154371.125
1731,206090.5625
1732,149296.21875
1733,152483.015625
1734,208488.125
1735,189705.296875
1736,229380.875
1737,178042.609375
1738,175149.234375
1739,180634.15625
1740,223901.953125
1741,134301.765625
1742,184383.34375
1743,253343.59375
1744,184078.3125
1745,159382.25
1746,169363.453125
1747,211751.4375
1748,141745.015625
1749,153502.0625
1750,110103.5546875
1751,148608.296875
1752,156688.921875
1753,133578.5625
1754,212926.421875
1755,187510.65625
1756,233985.03125
1757,171829.59375
1758,172480.484375
1759,161271.734375
1760,255083.96875
1761,152860.96875
1762,184823.828125
1763,135089.25
1764,130159.5625
1765,186306.265625
1766,135473.296875
1767,242697.125
1768,126404.5625
1769,144761.78125
1770,164743.609375
1771,124396.015625
1772,293652.375
1773,176134.234375
1774,180916.234375
1775,259197.15625
1776,151002.84375
1777,170029.890625
1778,200230.125
1779,173575.34375
1780,142631.1875
1781,170127.359375
1782,118461.6015625
1783,159825.546875
1784,172493.234375
1785,173010.78125
1786,138526.609375
1787,305418.5
1788,147507.15625
1789,188921.21875
1790,206433.609375
1791,156508.75
1792,190982.421875
1793,194821.65625
1794,136033.1875
1795,115808.0703125
1796,83238.6015625
1797,141053.8125
1798,178413.0625
1799,177713.15625
1800,236020
1801,172742.28125
1802,180417.28125
1803,165017.515625
1804,171091.96875
1805,172400.921875
1806,121961.984375
1807,153499.75
1808,111150.4921875
1809,165309.234375
1810,139664.3125
1811,178788.953125
1812,163407.953125
1813,146560.640625
1814,138548.484375
1815,269489.25
1816,130570.3515625
1817,120706.84375
1818,179559.765625
1819,171143.828125
1820,233989.484375
1821,168318.859375
1822,192340.3125
1823,153751.6875
1824,219650.390625
1825,198102.96875
1826,249051.453125
1827,164214.421875
1828,162833.765625
1829,237424.984375
1830,214536.546875
1831,180905.296875
1832,127386.90625
1833,130891.984375
1834,127654.046875
1835,269764.875
1836,200676.890625
1837,240875.96875
1838,93428.5625
1839,174032.734375
1840,147336.65625
1841,160444.734375
1842,255818.5
1843,176068.734375
1844,192026.96875
1845,254783.3125
1846,272804.03125
1847,157332.828125
1848,111253.46875
1849,236452.5625
1850,195835.40625
1851,166184.234375
1852,175265.21875
1853,210347.546875
1854,199207.6875
1855,106073.6328125
1856,217426.296875
1857,164732.0625
1858,211954.515625
1859,144663.734375
1860,160050.921875
1861,167873.765625
1862,190082.328125
1863,139812.046875
1864,183963.125
1865,172001.09375
1866,98648.4921875
1867,165560.6875
1868,234716.21875
1869,134908.15625
1870,143448.234375
1871,155483.546875
1872,145598.40625
1873,175210.125
1874,182163.96875
1875,190205.359375
1876,157404.4375
1877,161475.15625
1878,144769.734375
1879,285044.59375
1880,169018.65625
1881,121811.28125
1882,141468.890625
1883,185397.40625
1884,179369.984375
1885,161699.828125
1886,118444.8984375
1887,154184.75
1888,204767.09375
1889,98602.390625
1890,159572.046875
1891,195021.75
1892,236666.8125
1893,183903.453125
1894,136259.75
1895,193737.953125
1896,211086.0625
1897,163108.640625
1898,116991.4453125
1899,151887.34375
1900,216098.46875
1901,159770.015625
1902,176649.015625
1903,139868.265625
1904,127943.9140625
1905,178297.390625
1906,147429.65625
1907,173085.140625
1908,170446.34375
1909,160611.75
1910,221179.5
1911,194890.578125
1912,124237.734375
1913,115018.1796875
1914,147309.15625
1915,158123.4375
1916,178044.609375
1917,151282.328125
1918,182860.484375
1919,127017.890625
1920,133407.421875
1921,175296.5
1922,147742.328125
1923,196646.765625
1924,125788.2578125
1925,154697.296875
1926,194169.15625
1927,141150.546875
1928,301731.75
1929,174853.640625
1930,182234.796875
1931,201243.25
1932,111965.1953125
1933,151404.9375
1934,124080.359375
1935,218283.9375
1936,105694.8203125
1937,204730.21875
1938,134479.953125
1939,114942.359375
1940,156489.96875
1941,159970.640625
1942,169350.78125
1943,148786.203125
1944,169963.40625
1945,189302.296875
1946,115809.203125
1947,165655.578125
1948,124563.25
1949,165126.21875
1950,333804.21875
1951,181568.671875
1952,130878.390625
1953,144972.9375
1954,221443.125
1955,183294.9375
1956,181516.734375
1957,190718.4375
1958,101324.8828125
1959,170189.421875
1960,173253.765625
1961,167516.1875
1962,137350.5625
1963,124254
1964,93345.625
1965,155577.03125
1966,186886.703125
1967,187179.75
1968,154160.328125
1969,157349.796875
1970,226377.15625
1971,230701.75
1972,130735.3515625
1973,175753.796875
1974,107800.046875
1975,151737.71875
1976,196166.84375
1977,119956.1015625
1978,152714.3125
1979,178077.828125
1980,120722.0625
1981,187829.671875
1982,192338.765625
1983,135796.453125
1984,245582.609375
1985,128077.6875
1986,189076.390625
1987,161238.15625
1988,170190.46875
1989,137525.171875
1990,140314.953125
1991,166135.3125
1992,145840.71875
1993,173038.46875
1994,267975.1875
1995,159474.578125
1996,222301.953125
1997,150759.0625
1998,173358.390625
1999,233684.234375
2000,283728.0625
2001,288928.4375
2002,124140.421875
2003,142901.6875
2004,278978.78125
2005,127502.421875
2006,189146.734375
2007,184071.390625
2008,136774.84375
2009,188646.453125
2010,241663.75
2011,137488.34375
2012,186438.40625
2013,170089.59375
2014,263152.625
2015,147375.0625
2016,155684.109375
2017,190075.375
2018,156140.359375
2019,112069.7734375
2020,140233.546875
2021,182997.140625
2022,205520.71875
2023,287697.65625
2024,182259.640625
2025,180977.546875
2026,136113.828125
2027,150446.28125
2028,111490.4921875
2029,142205.734375
2030,244693.390625
2031,324860.40625
2032,187900.4375
2033,160202.203125
2034,170697.578125
2035,157138.140625
2036,128859.4765625
2037,127191.8359375
2038,128854.03125
2039,97227.234375
2040,212069.84375
2041,186129.6875
2042,158630.234375
2043,177494.203125
2044,145713.734375
2045,139624.046875
2046,156527.40625
2047,171541.1875
2048,127353.7421875
2049,214706.171875
2050,137383.546875
2051,265966.0625
2052,205331.65625
2053,239766.546875
2054,237043.3125
2055,149433.421875
2056,139988.703125
2057,156945.984375
2058,190367.703125
2059,190742.875
2060,203266.734375
2061,170204.5
2062,155580.25
2063,169038.171875
2064,149248.9375
2065,199573.671875
2066,200606.21875
2067,112252.375
2068,179578.546875
2069,172880.890625
2070,221617.9375
2071,145128.6875
2072,128857.7265625
2073,149041.625
2074,152513.078125
2075,198966.234375
2076,151986.515625
2077,142747.390625
2078,208848.640625
2079,150986.671875
2080,194076.359375
2081,163047.78125
2082,296277.46875
2083,218803.75
2084,204495.703125
2085,199710.84375
2086,156567
2087,150377.328125
2088,215832.578125
2089,126394.25
2090,190931.484375
2091,122910.28125
2092,200137.234375
2093,147381.015625
2094,144991.796875
2095,152803.484375
2096,169100.53125
2097,144923.640625
2098,200160.625
2099,149141.90625
2100,221753.5
2101,221423.359375
2102,172613.765625
2103,183556.375
2104,266583.03125
2105,172576.734375
2106,188592.46875
2107,175338.609375
2108,209866.078125
2109,120467.9921875
2110,160471.640625
2111,134990.140625
2112,124188.3359375
2113,254447.59375
2114,122437.0078125
2115,218188.109375
2116,148065.40625
2117,139495.5
2118,187269.5
2119,143175.1875
2120,142196
2121,136157.71875
2122,195396.09375
2123,171104.984375
2124,258570.203125
2125,105569.921875
2126,193912.515625
2127,205274.390625
2128,196188.8125
2129,158400.921875
2130,142619.265625
2131,238756.140625
2132,186961.8125
2133,191174.375
2134,222178.6875
2135,149590.71875
2136,172816.921875
2137,193480.5
2138,155603
2139,215309.421875
2140,178256.90625
2141,189107.1875
2142,180127.359375
2143,193210.515625
2144,158042.296875
2145,175952.59375
2146,240427.921875
2147,149699.03125
2148,228532.546875
2149,159566.59375
2150,152155.28125
2151,180562.671875
2152,207589
2153,164969.65625
2154,186950.015625
2155,192666.875
2156,181199.40625
2157,209387
2158,136001.296875
2159,121485.3828125
2160,227061.8125
2161,152411.5
2162,119690.4375
2163,192738.703125
2164,176859.421875
2165,173220.3125
2166,158758.71875
2167,200014.265625
2168,255499.4375
2169,177575.59375
2170,221174.40625
2171,186467.0625
2172,112643.4140625
2173,148835.78125
2174,134395.859375
2175,189822
2176,167312.359375
2177,184694.875
2178,176990.5625
2179,178301.796875
2180,135441.359375
2181,185424.796875
2182,193145.21875
2183,169848.34375
2184,113440.6328125
2185,213625.171875
2186,159171.453125
2187,165303.328125
2188,162250.640625
2189,195694.640625
2190,158884.203125
2191,136655.234375
2192,225755.234375
2193,146004.171875
2194,193874.4375
2195,164832.03125
2196,158078.140625
2197,214856.90625
2198,217505.65625
2199,185740
2200,153056.0625
2201,171750.109375
2202,159343.421875
2203,140542.46875
2204,157876.265625
2205,183107
2206,140320.921875
2207,145788.515625
2208,147625.484375
2209,187691.375
2210,259244.96875
2211,180651.875
2212,150817.453125
2213,201178.53125
2214,181627.34375
2215,177608.796875
2216,172074.40625
2217,136453.609375
2218,124497
2219,147385.4375
2220,201017.328125
2221,150608.921875
2222,220685.1875
2223,148235.703125
2224,189048.59375
2225,205846.203125
2226,118970.6015625
2227,177465.46875
2228,198014.640625
2229,251126.125
2230,127838.25
2231,158255.5
2232,192808.84375
2233,167098.328125
2234,161450.125
2235,242022.328125
2236,141070.671875
2237,130027.0078125
2238,172921.734375
2239,133132.390625
2240,244412.828125
2241,174069.90625
2242,140907.546875
2243,171678.734375
2244,150135.9375
2245,193527.875
2246,153264.859375
2247,229234.15625
2248,219189.25
2249,138269.734375
2250,164834.765625
2251,119872.296875
2252,237205.53125
2253,116733.03125
2254,200468.046875
2255,230459.375
2256,184671.6875
2257,169630.59375
2258,179172.46875
2259,153871.75
2260,205245.71875
2261,225331.484375
2262,192899.1875
2263,139702.8125
2264,193780.34375
2265,193132.359375
2266,177873.328125
2267,174343.21875
2268,170001.328125
2269,153729.65625
2270,166902.1875
2271,138610.625
2272,189411.8125
2273,157412.671875
2274,186359.046875
2275,128206.9375
2276,183708.984375
2277,155267.3125
2278,171531.6875
2279,168070.203125
2280,137636.21875
2281,223198.78125
2282,316174.75
2283,181336.125
2284,106780.625
2285,154660.109375
2286,169903.828125
2287,172488.78125
2288,212333.015625
2289,199184.921875
2290,240846.375
2291,227057.953125
2292,148994.421875
2293,214395.5625
2294,118801.5078125
2295,141174.265625
2296,174059.8125
2297,151367.734375
2298,141471.6875
2299,161269.296875
2300,132542.296875
2301,260531.125
2302,229678.4375
2303,197666.421875
2304,186797.34375
2305,196276.78125
2306,170160.484375
2307,188523.25
2308,125119.7109375
2309,233839.40625
2310,212210.9375
2311,209787.53125
2312,194898.046875
2313,118066.796875
2314,195962.9375
2315,112599.34375
2316,204877.609375
2317,203530.53125
2318,132356.5
2319,175082.296875
2320,130699.5078125
2321,152405.09375
2322,122898.03125
2323,180779.078125
2324,169101.71875
2325,282329.8125
2326,208184.84375
2327,171702.828125
2328,212422.4375
2329,159622.203125
2330,164027.5
2331,160447.296875
2332,196677.75
2333,115462.9765625
2334,210760.890625
2335,117703.96875
2336,134814.34375
2337,127392.171875
2338,318559.9375
2339,160195.21875
2340,156902.546875
2341,162942.875
2342,194275.90625
2343,181596.625
2344,230834.453125
2345,212994.84375
2346,143674.21875
2347,176615.0625
2348,171930.046875
2349,192114.578125
2350,127013.5
2351,259793.921875
2352,182225.546875
2353,163709.609375
2354,136084.765625
2355,151004.578125
2356,232188.921875
2357,140932.8125
2358,143105.1875
2359,123781.203125
2360,194633.890625
2361,186172.171875
2362,148200.171875
2363,143391.3125
2364,180800.25
2365,175145.703125
2366,144702.34375
2367,127122.21875
2368,146476.40625
2369,178963.53125
2370,197402.703125
2371,126487.578125
2372,159679.046875
2373,144996.46875
2374,173337.359375
2375,224442.390625
2376,145233.046875
2377,90872.6328125
2378,200719.484375
2379,188040.84375
2380,169458.28125
2381,160520.75
2382,140012.140625
2383,125392.7578125
2384,232291.3125
2385,118850.6015625
2386,178314.515625
2387,148622.109375
2388,129927.7578125
2389,111144.46875
2390,197452.703125
2391,154961.265625
2392,148002.84375
2393,138073.9375
2394,215951.90625
2395,226648.46875
2396,175360.734375
2397,196607.78125
2398,169613.9375
2399,175798.71875
2400,163104.46875
2401,153755.078125
2402,189281.03125
2403,188966.578125
2404,162593.875
2405,125353.9921875
2406,118748.8046875
2407,193445.859375
2408,158850.046875
2409,163523.34375
2410,187720.609375
2411,109496.328125
2412,159869.671875
2413,201000.90625
2414,157352.0625
2415,162714.140625
2416,150197.40625
2417,247030.671875
2418,186977.875
2419,137349.8125
2420,135169.734375
2421,177900.984375
2422,152219.96875
2423,146514.578125
2424,180022.046875
2425,190822.21875
2426,163913.484375
2427,142405.78125
2428,198167.953125
2429,175417.015625
2430,119001.7734375
2431,152670.046875
2432,184682.890625
2433,160391.171875
2434,196460.265625
2435,131219.234375
2436,195593.828125
2437,152579.734375
2438,116884.6953125
2439,144313.625
2440,159521.421875
2441,161809.703125
2442,112295.6015625
2443,157407.96875
2444,262093.65625
2445,171002.65625
2446,216973.875
2447,152295.328125
2448,128573.3828125
2449,185109.421875
2450,241903.9375
2451,270624.65625
2452,177940.921875
2453,124319.8046875
2454,99324.703125
2455,139558.84375
2456,137324.265625
2457,154878.0625
2458,223089.8125
2459,131730.296875
2460,201865.796875
2461,138868.890625
2462,166489.609375
2463,182122.953125
2464,85153.140625
2465,125153.1484375
2466,145296.1875
2467,115853.3359375
2468,173126.421875
2469,151522.984375
2470,190358.4375
2471,211884.71875
2472,123204.6953125
2473,148871.578125
2474,174681.265625
2475,201024.390625
2476,154642.625
2477,173209.6875
2478,213076.859375
2479,147206.40625
2480,220270.53125
2481,180137.984375
2482,176738.484375
2483,231096
2484,199982.140625
2485,170066.953125
2486,163173.59375
2487,157345.875
2488,201743.078125
2489,223834.359375
2490,159831.234375
2491,326017.875
2492,182838.265625
2493,120769.703125
2494,163042
2495,134350.4375
2496,181857.765625
2497,121549.7421875
2498,117548.96875
2499,142150.5625
2500,182889.546875
2501,157838.65625
2502,185775.5625
2503,211139.75
2504,175197.0625
2505,219099.359375
2506,163336.421875
2507,172620.5625
2508,185667.890625
2509,169716.75
2510,211467.390625
2511,119497.0625
2512,153517.734375
2513,149516.265625
2514,164822.921875
2515,148381
2516,256427.5
2517,236913.109375
2518,149072.109375
2519,181752.953125
2520,167193.765625
2521,162594.703125
2522,244074.4375
2523,155731.3125
2524,180052.59375
2525,238888.078125
2526,203826.109375
2527,173765.609375
2528,154990.75
2529,132879.640625
2530,225314.390625
2531,162399.875
2532,183135.4375
2533,191141.640625
2534,216654.59375
2535,189338.546875
2536,135612.65625
2537,174792.96875
2538,144642.78125
2539,142711.4375
2540,163936
2541,168724.953125
2542,189874.328125
2543,166988.90625
2544,170607.6875
2545,184197.109375
2546,154683.640625
2547,152662.390625
2548,177257.21875
2549,137789.84375
2550,163966.21875
2551,134362.5
2552,157776.328125
2553,169168.921875
2554,118097.8125
2555,160764.5625
2556,140399.578125
2557,158070.125
2558,131690.34375
2559,177405.171875
2560,201133.984375
2561,161729.15625
2562,211840.609375
2563,115311.4140625
2564,123754.640625
2565,136355.65625
2566,116967.1484375
2567,213935.515625
2568,163103.484375
2569,194141.0625
2570,120015.234375
2571,152972.015625
2572,226747.59375
2573,116462.5
2574,141679.4375
2575,140555
2576,185338.28125
2577,188444.546875
2578,153602.296875
2579,175965.828125
2580,219139.640625
2581,154361.390625
2582,154832.65625
2583,156431.0625
2584,124583.3046875
2585,160749.1875
2586,182164.96875
2587,144749.421875
2588,170112.671875
2589,158060.328125
2590,121234.9140625
2591,219946.734375
2592,215859.390625
2593,150195.71875
2594,176927.203125
2595,163812.625
2596,166699.421875
2597,181294.734375
2598,141331.1875
2599,202260.3125
2600,135214.03125
2601,152979.65625
2602,188799.640625
2603,152133.421875
2604,160269.09375
2605,186767.125
2606,204864.921875
2607,207035.375
2608,270375.53125
2609,172321.71875
2610,115265.71875
2611,177850.984375
2612,156937.671875
2613,173955.921875
2614,152724.84375
2615,129304.6484375
2616,164831.359375
2617,173759.421875
2618,128503.890625
2619,138665.875
2620,182276.09375
2621,175079.09375
2622,247567.734375
2623,215438.75
2624,138070.109375
2625,278085.96875
2626,108653.765625
2627,169669.234375
2628,153609.984375
2629,186685.40625
2630,221863.40625
2631,142101.953125
2632,181790.359375
2633,135394.203125
2634,163919.6875
2635,134300.21875
2636,143682.421875
2637,162409.890625
2638,153849.9375
2639,186050.765625
2640,148705.515625
2641,185381.984375
2642,156322.125
2643,222274.609375
2644,152323.484375
2645,213399.296875
2646,156321.953125
2647,196911.984375
2648,163341.921875
2649,182212.90625
2650,181358.09375
2651,183139.453125
2652,198241.3125
2653,153638.953125
2654,138815.796875
2655,205859.890625
2656,178256.015625
2657,196158.28125
2658,165603.78125
2659,177614.8125
2660,205458.28125
2661,127325.265625
2662,214939.84375
2663,204456.390625
2664,145168.15625
2665,134609.6875
2666,146275.765625
2667,247249.25
2668,136657.078125
2669,118835.8046875
2670,136310.640625
2671,186420.796875
2672,133123.609375
2673,139590.578125
2674,165443.515625
2675,190691.78125
2676,172067.515625
2677,253637.734375
2678,176758.5
2679,138568.59375
2680,197898.578125
2681,144535.34375
2682,99609.15625
2683,129908.3203125
2684,172406.96875
2685,190448.34375
2686,218981.859375
2687,177613.515625
2688,123384.2890625
2689,134278.796875
2690,124257.6328125
2691,129728.8828125
2692,191364.28125
2693,186579.40625
2694,153318.9375
2695,234656.234375
2696,156994.875
2697,159852.09375
2698,260772.078125
2699,153035.484375
2700,138109.140625
2701,138059.234375
2702,222832.3125
2703,188333.15625
2704,229105.078125
2705,126390.3359375
2706,156711.6875
2707,152056.9375
2708,137703.890625
2709,237861.296875
2710,133481.71875
2711,205372.296875
2712,187438.515625
2713,173246.921875
2714,166723.3125
2715,121634.796875
2716,168043.0625
2717,161480.984375
2718,172109.421875
2719,209046.90625
2720,141095.75
2721,187934.109375
2722,181370.5
2723,168509.234375
2724,191157.171875
2725,203614.75
2726,351235.875
2727,137542.125
2728,237664.328125
2729,154756.25
2730,274682
2731,172540.3125
2732,234011.765625
2733,143412.703125
2734,152683.9375
2735,182382.765625
2736,147013.796875
2737,156586.9375
2738,177604.453125
2739,140928.75
2740,179215.59375
2741,138300.234375
2742,119081.765625
2743,166032.96875
2744,196340.234375
2745,178929.5
2746,179107.59375
2747,213840.640625
2748,135852.59375
2749,194208.265625
2750,117183.8984375
2751,184053.09375
2752,121966.796875
2753,161442.140625
2754,246606.328125
2755,165355.984375
2756,145700.390625
2757,178530.09375
2758,171886.265625
2759,154886.5
2760,165677.25
2761,102789.8203125
2762,178981.390625
2763,157349.625
2764,152062.84375
2765,244338.8125
2766,153216.828125
2767,192816.359375
2768,162517.34375
2769,172431.96875
2770,170238.265625
2771,181658.703125
2772,155804.453125
2773,129384.9921875
2774,126249.109375
2775,176928.34375
2776,193347.984375
2777,147432.484375
2778,138261.453125
2779,189485.796875
2780,121220.015625
2781,128110.21875
2782,161573.25
2783,138583.765625
2784,221243.234375
2785,168281.390625
2786,170129.90625
2787,247257.328125
2788,194884.828125
2789,115074.5546875
2790,160356.640625
2791,184242.28125
2792,161337.890625
2793,143669.734375
2794,258193.421875
2795,121743.765625
2796,182312.875
2797,172662.515625
2798,195439.71875
2799,146148.828125
2800,117944.9296875
2801,189546.515625
2802,206771.9375
2803,148503.328125
2804,123454.90625
2805,203511.1875
2806,160171.0625
2807,127169.9609375
2808,137322.640625
2809,175240.453125
2810,239418.09375
2811,198684.5625
2812,174916.625
2813,240931.390625
2814,169770.015625
2815,244850.453125
2816,149067.125
2817,145714.203125
2818,331425.59375
2819,159674
2820,166760.0625
2821,145649.484375
2822,219465.328125
2823,162897.09375
2824,125012.3984375
2825,123577.390625
2826,155742.046875
2827,136482.75
2828,207321.203125
2829,170607.34375
2830,141640.296875
2831,164609.96875
2832,198278.578125
2833,157685.890625
2834,208163.390625
2835,260587.90625
2836,172734.328125
2837,169823.953125
2838,136156.09375
2839,124427.734375
2840,177538.375
2841,167264.21875
2842,196816.1875
2843,120228.4453125
2844,245911.53125
2845,199777.828125
2846,192680.203125
2847,102774.8203125
2848,179896.3125
2849,150708.546875
2850,121361.6328125
2851,181987.609375
2852,184283.21875
2853,162462.1875
2854,267128.53125
2855,154362.03125
2856,228071.34375
2857,132345.125
2858,159576.09375
2859,169542.84375
2860,169890.890625
2861,152965.640625
2862,195979.796875
2863,252466.515625
2864,189129.96875
2865,157161.03125
2866,174833.671875
2867,115605.1484375
2868,146925.375
2869,166074.796875
2870,165865.046875
2871,136871.921875
2872,131689.484375
2873,239504.890625
2874,132559.296875
2875,137082.953125
2876,144862
2877,159382.921875
2878,241414.71875
2879,116688.390625
2880,151220.515625
2881,226272.015625
2882,241215.96875
2883,121277.5390625
2884,205872.453125
2885,204810.65625
2886,196939.203125
2887,141417.421875
2888,140564.25
2889,150982.828125
2890,161794.390625
2891,223691.953125
2892,133792.484375
2893,205230.328125
2894,157060.59375
2895,130171.0390625
2896,193798.09375
2897,197988.578125
2898,133422.078125
2899,143782.125
2900,151768.546875
2901,334906.40625
2902,177153.90625
2903,153777.453125
2904,236912.8125
2905,136926.671875
2906,198532.5
2907,187494.9375
2908,192125.78125
2909,160312.890625
2910,149582.390625
2911,191587.34375
2912,198799.5
2913,157062.5
2914,237363.59375
2915,165264.078125
2916,127358.6796875
2917,181472.53125
2918,187460.03125
2919,283910.34375
2920,232073.40625
2921,191900
2922,175311.75
2923,214252.359375
2924,177984.6875
2925,126939.484375
2926,199504.265625
2927,137599.09375
2928,155461.453125
2929,184793.984375
2930,229280.1875
2931,161350.828125
2932,216061.671875
2933,140463.375
2934,236323.59375
2935,198170.921875
2936,155907.109375
2937,158744.875
2938,206467.4375
2939,170614.703125
2940,162504.59375
2941,165678.625
2942,192574.796875
2943,208503.296875
2944,168727
2945,173366.015625
2946,146940.125
2947,160514.5
2948,128233.2578125
2949,130408.78125
2950,145577.359375
2951,191907.6875
2952,197020.234375
2953,198399.90625
2954,267268.0625
2955,144897.515625
2956,283942.8125
2957,172872.796875
2958,123539.28125
2959,153370.484375
2960,147406.09375
2961,186915
2962,297258.21875
2963,127611.046875
2964,168731.421875
2965,132842.484375
2966,159578.046875
2967,284239.59375
2968,160013.921875
2969,151012.75
2970,206276.859375
2971,196013.78125
2972,180352.796875
2973,174134.859375
2974,201127.203125
2975,167962.203125
2976,163019.21875
2977,177009.796875
2978,148199.765625
2979,156050.265625
2980,141992.890625
2981,234814.984375
2982,123580.3046875
2983,144583.3125
2984,134196.796875
2985,169391.578125
2986,136272.8125
2987,131572.8125
2988,144227.875
2989,143581.34375
2990,145398.28125
2991,131280.359375
2992,170089.75
2993,237803.328125
2994,176479.609375
2995,117163.3203125
2996,140827.515625
2997,162735.984375
2998,136578.171875
2999,179777.09375
3000,171359.21875
3001,157930.828125
3002,138661.234375
3003,199102.71875
3004,200146.96875
3005,112006.40625
3006,146713.515625
3007,178998.921875
3008,190174.578125
3009,197162.25
3010,112001.328125
3011,103500.8359375
3012,318735.875
3013,116325.9140625
3014,207323.453125
3015,179466.34375
3016,183875.796875
3017,151481.734375
3018,196853.671875
3019,132836.421875
3020,192660.0625
3021,118998
3022,146694.296875
3023,138684.8125
3024,133790.5625
3025,119838.8203125
3026,152031.234375
3027,157191.328125
3028,132574.453125
3029,156125.140625
3030,252551.59375
3031,237262.390625
3032,133781.515625
3033,112796.8515625
3034,185840.65625
3035,102617.6328125
3036,177453.875
3037,134187.703125
3038,161713.171875
3039,146874.03125
3040,203696.65625
3041,139650.78125
3042,152934.40625
3043,179316.359375
3044,176241.328125
3045,166296.828125
3046,191008.96875
3047,140831.265625
3048,201366.734375
3049,176385.125
3050,176811.5
3051,154927.171875
3052,196103.328125
3053,155209.3125
3054,179940.796875
3055,223188.25
3056,160260.6875
3057,202680.421875
3058,180328.6875
3059,215485.78125
3060,139686.46875
3061,173163.25
3062,228958.328125
3063,186957.671875
3064,132657.15625
3065,126308.2421875
3066,145188.8125
3067,219699.546875
3068,151617.6875
3069,180448.671875
3070,179046.96875
3071,171069.8125
3072,163945.984375
3073,158099.125
3074,135850.828125
3075,87150.7890625
3076,146020.390625
3077,113499.71875
3078,140011.296875
3079,138038.671875
3080,145831.578125
3081,180031.40625
3082,231779.515625
3083,225924.828125
3084,206767.203125
3085,132954.03125
3086,149133.53125
3087,204663.0625
3088,166091.109375
3089,137278.84375
3090,97007.3515625
3091,200140.734375
3092,178051.171875
3093,155682.765625
3094,149405.21875
3095,142548.484375
3096,177030.59375
3097,113753.2890625
3098,129547.4609375
3099,152256.71875
3100,170072.453125
3101,138893.5625
3102,125063.8046875
3103,195628.1875
3104,177215.875
3105,182044.296875
3106,153157.140625
3107,120450.5625
3108,143178.9375
3109,189237.234375
3110,209966.5
3111,133331.59375
3112,262951.875
3113,190997.875
3114,138159.1875
3115,151503.359375
3116,177647.25
3117,186747.578125
3118,120983.28125
3119,178786.890625
3120,185784.1875
3121,214906.6875
3122,169912.203125
3123,177524.28125
3124,201428.296875
3125,148358.34375
3126,189250.65625
3127,119413.0703125
3128,163845.75
3129,196315.078125
3130,179535.75
3131,157037.53125
3132,191830.0625
3133,147440.671875
3134,121256.4375
3135,258446.390625
3136,153319.53125
3137,146287.125
3138,166307.359375
3139,171446.625
3140,167613.34375
3141,204620.46875
3142,213146.1875
3143,228465
3144,153102.9375
3145,135348.984375
3146,141121.984375
3147,130519.984375
3148,213950.734375
3149,177786.4375
3150,228796.8125
3151,217738.828125
3152,167054.3125
3153,175761.265625
3154,174471.203125
3155,183087.125
3156,230972.78125
3157,162038.03125
3158,174605.375
3159,220420.78125
3160,148145.953125
3161,273629.9375
3162,201043.203125
3163,168427.40625
3164,221898.703125
3165,206708.140625
3166,158299.546875
3167,137484.9375
3168,128040.5625
3169,127392.1640625
3170,158757.765625
3171,213196.171875
3172,216850.609375
3173,142339.328125
3174,193478.21875
3175,282732.9375
3176,206391.046875
3177,195971.296875
3178,176853.8125
3179,162429.90625
3180,171378.359375
3181,154937.40625
3182,166857.28125
3183,307904.90625
3184,193483.75
3185,197012.484375
3186,135322.5625
3187,151834.09375
3188,140252.3125
3189,191308.578125
3190,130650.53125
3191,161260.265625
3192,163039.28125
3193,180539.3125
3194,231632.3125
3195,171877.921875
3196,136951.234375
3197,172477.28125
3198,225627.1875
3199,140127.734375
3200,195710.3125
3201,165691.9375
3202,164585.78125
3203,113429.375
3204,164245.6875
3205,142355.890625
3206,108070.2421875
3207,168127.703125
3208,149426.5
3209,181614.640625
3210,181559.390625
3211,150837
3212,184363.625
3213,178655.25
3214,165236.484375
3215,249544.3125
3216,205206.453125
3217,123954.7109375
3218,118358.140625
3219,131938.5625
3220,170526.515625
3221,192477.9375
3222,148945.734375
3223,184448.078125
3224,129316.2265625
3225,154135.046875
3226,257802.328125
3227,126182.1484375
3228,260285.78125
3229,156131.328125
3230,173562.859375
3231,156158.84375
3232,151509.546875
3233,137716.46875
3234,178341.390625
3235,168975.28125
3236,183796.359375
3237,170060.4375
3238,146867.640625
3239,173702.171875
3240,128996.4921875
3241,111080.03125
3242,111207.03125
3243,239568.0625
3244,267853.5625
3245,207124.265625
3246,167036.546875
3247,160666.53125
3248,200979.78125
3249,281750.6875
3250,190884.328125
3251,121957.3046875
3252,153321.578125
3253,205196.59375
3254,193822.25
3255,322206.53125
3256,199042.96875
3257,194289.0625
3258,179579.1875
3259,208427.046875
3260,292291.125
3261,133086.359375
3262,174212.078125
3263,166423.296875
3264,187951.375
3265,129941.3828125
3266,113058.7421875
3267,171552.609375
3268,231484.328125
3269,196035.65625
3270,135202.984375
3271,169734.71875
3272,141648.796875
3273,217669
3274,193691
3275,167842.65625
3276,155185.34375
3277,228428.453125
3278,175678.15625
3279,215835.796875
3280,195092.296875
3281,162661.578125
3282,189045.9375
3283,132272.921875
3284,189478.125
3285,147665.859375
3286,149089.359375
3287,196340.25
3288,140427.890625
3289,215133.78125
3290,166200.203125
3291,142463.78125
3292,166337
3293,166188.421875
3294,142188.203125
3295,189875.75
3296,148438.203125
3297,179488.640625
3298,176701.71875
3299,134310.875
3300,138327.421875
3301,240208.984375
3302,153651.65625
3303,152718.484375
3304,161853.296875
3305,154203.546875
3306,194580.09375
3307,207028.546875
3308,176041.609375
3309,240888.125
3310,152882.703125
3311,182085.984375
3312,166488.09375
3313,163069.8125
3314,237973.109375
3315,197453.6875
3316,199299.328125
3317,116867.1953125
3318,237788.59375
3319,253249.65625
3320,148325.53125
3321,129820.21875
3322,223232.09375
3323,135628.046875
3324,194129.40625
3325,295418.53125
3326,135475.5
3327,251536.421875
3328,176606.5
3329,187574.046875
3330,175512.125
3331,146242.1875
3332,149528.96875
3333,179692.5
3334,142397.75
3335,147576.28125
3336,185758.8125
3337,148656.171875
3338,180296.609375
3339,248088.34375
3340,152653.671875
3341,161561.171875
3342,165682.296875
3343,123749.6171875
3344,213200.890625
3345,135655.984375
3346,212290.953125
3347,216501.203125
3348,132272.640625
3349,221943.171875
3350,169548.734375
3351,109675.734375
3352,168540.859375
3353,151755.828125
3354,127010.28125
3355,148752.28125
3356,195556.890625
3357,197802.921875
3358,162904
3359,160538.125
3360,174025.359375
3361,179728.234375
3362,205579.296875
3363,218823.34375
3364,121964.765625
3365,188178.25
3366,173651.453125
3367,170946.96875
3368,179119.234375
3369,125925.8671875
3370,98205.3515625
3371,242152.078125
3372,165431.8125
3373,99591.59375
3374,174853.265625
3375,183788.40625
3376,151014.03125
3377,134606.9375
3378,178856.75
3379,100654.5546875
3380,151888.03125
3381,189438.109375
3382,251230.578125
3383,120138.125
3384,199695.171875
3385,122785.765625
3386,112230.875
3387,160701.21875
3388,183194.015625
3389,182988.015625
3390,107895.328125
3391,109382.6875
3392,184908.015625
3393,166788.734375
3394,183561.875
3395,134484.578125
3396,194498.171875
3397,169195.25
3398,120434.7734375
3399,175022.734375
3400,156304.984375
3401,149648.625
3402,216608.765625
3403,174321.203125
3404,160753.25
3405,151033.3125
3406,161675.984375
3407,274542.53125
3408,165232.71875
3409,303453.625
3410,153353.828125
3411,199476.859375
3412,181024.515625
3413,165903.53125
3414,178733.53125
3415,160344.59375
3416,155904.671875
3417,165126.59375
3418,157565.734375
3419,164171.734375
3420,184585.859375
3421,161526.4375
3422,187029.0625
3423,175760.578125
3424,125435.1953125
3425,178706.34375
3426,176016.46875
3427,167236.71875
3428,189762.3125
3429,139923.71875
3430,171832.0625
3431,154685.46875
3432,209743.421875
3433,173122.28125
3434,113070.5
3435,165895.390625
3436,91548.4140625
3437,179550.171875
3438,186900.578125
3439,128527.90625
3440,166725.296875
3441,209044.328125
3442,117252.4921875
3443,279154.96875
3444,183209.578125
3445,246698.03125
3446,156500.921875
3447,130423.1953125
3448,184021.984375
3449,143690.4375
3450,140625.859375
3451,193059.890625
3452,138650.671875
3453,133275.890625
3454,200338.4375
3455,195557.96875
3456,192866.53125
3457,114332.375
3458,149343.578125
3459,167533.859375
3460,137718.390625
3461,184828.8125
3462,166609.609375
3463,138649.484375
3464,188502.25
3465,187385.796875
3466,165483.75
3467,145934.875
3468,134762.875
3469,117978.9609375
3470,227246.109375
3471,232929.921875
3472,198782.578125
3473,135172.515625
3474,127365.1328125
3475,141615
3476,129983.859375
3477,213857.875
3478,121482.53125
3479,273056.0625
3480,180655.28125
3481,160419.484375
3482,120218.1484375
3483,186274.5
3484,210817.75
3485,140516.125
3486,125148.7734375
3487,183242.59375
3488,174393.921875
3489,177286.609375
3490,161290.828125
3491,117537.8671875
3492,217190.5625
3493,192157.03125
3494,195608.046875
3495,154320.953125
3496,211887.53125
3497,189016.234375
3498,119228.015625
3499,179903.171875
3500,138218.859375
3501,139305.28125
3502,190565.484375
3503,173851.71875
3504,183532.859375
3505,154167.640625
3506,192034.3125
3507,146497.609375
3508,217763.171875
3509,139717.671875
3510,131050.390625
3511,151657.9375
3512,109200.4921875
3513,158406.9375
3514,191837.703125
3515,195410.71875
3516,168462.265625
3517,181088.359375
3518,169442.9375
3519,170502.734375
3520,197249.53125
3521,191091.6875
3522,197744.0625
3523,126575.4140625
3524,169910.109375
3525,193595.375
3526,130533.6875
3527,112909.6171875
3528,259817.359375
3529,149076.578125
3530,173151.828125
3531,182833.453125
3532,178876.21875
3533,180324.90625
3534,201395.6875
3535,157686.78125
3536,135266.65625
3537,129178.296875
3538,154606.640625
3539,167093.796875
3540,245483.4375
3541,137415.3125
3542,171162.359375
3543,206297.171875
3544,151183.046875
3545,164451.515625
3546,155333.96875
3547,172537.5625
3548,201703.921875
3549,283706.5
3550,144045
3551,159142.078125
3552,157272.578125
3553,182391.359375
3554,244049.96875
3555,135921.59375
3556,147660.453125
3557,182926.59375
3558,108502.9140625
3559,160614.1875
3560,148014.25
3561,131715.53125
3562,155721.84375
3563,193096.140625
3564,124094.78125
3565,138367.0625
3566,180442.8125
3567,112685.9453125
3568,140734.484375
3569,144535.609375
3570,188097.28125
3571,172650.34375
3572,209686.921875
3573,156460.578125
3574,143402.09375
3575,141025.125
3576,164578.203125
3577,157865.578125
3578,255051.390625
3579,191783
3580,227948.265625
3581,171938.59375
3582,217525.859375
3583,200880.296875
3584,158685.421875
3585,135778.796875
3586,160745.453125
3587,185338.640625
3588,114409.5546875
3589,254240.765625
3590,205570.703125
3591,143588.1875
3592,169450.828125
3593,145450.734375
3594,147875.3125
3595,166323.15625
3596,287644.28125
3597,166905.6875
3598,236614.09375
3599,110050.875
3600,129416.671875
3601,162055.546875
3602,144715.40625
3603,213358.984375
3604,147558.859375
3605,250074.953125
3606,102605.0859375
3607,244767.984375
3608,156594.96875
3609,176537.6875
3610,204573.484375
3611,216225.390625
3612,188018.546875
3613,166155.578125
3614,160656.21875
3615,227157.421875
3616,191735.21875
3617,124488.21875
3618,189273.21875
3619,139039.375
3620,193607.109375
3621,159654.40625
3622,203672.15625
3623,192768.40625
3624,185353.53125
3625,155944.0625
3626,127905.4765625
3627,142580.03125
3628,164351.515625
3629,154846.21875
3630,138170.125
3631,139970.46875
3632,161517.5625
3633,171454.4375
3634,152394.4375
3635,199659.265625
3636,112807.4140625
3637,132406.75
3638,148736.59375
3639,153675.703125
3640,147890.296875
3641,167186.5625
3642,119271
3643,184216.421875
3644,136964.859375
3645,234274.0625
3646,129618.5625
3647,229160.125
3648,141856.40625
3649,125755.53125
3650,154424.75
3651,151780.3125
3652,141500.390625
3653,161275.25
3654,149311.25
3655,228014.265625
3656,139851.703125
3657,235507.921875
3658,101814.3984375
3659,264110.90625
3660,189582.453125
3661,140382
3662,163956.6875
3663,138608.765625
3664,188424.5
3665,215113.921875
3666,176556.4375
3667,152223.859375
3668,185927.296875
3669,148879.765625
3670,205002.28125
3671,216148.03125
3672,166854.59375
3673,131747.0625
3674,156117.125
3675,148713.984375
3676,180807.65625
3677,189059.796875
3678,251337.21875
3679,188704.296875
3680,153991.671875
3681,167052.328125
3682,150205.171875
3683,152926.109375
3684,142713.328125
3685,257699.1875
3686,143774.09375
3687,123353.7109375
3688,247076.234375
3689,156639.390625
3690,124040.625
3691,201813.21875
3692,159458.296875
3693,146614.34375
3694,249702.484375
3695,95111.484375
3696,148282.796875
3697,209765.4375
3698,171873.953125
3699,232646.875
3700,168979.859375
3701,168563.890625
3702,177890.28125
3703,233150.71875
3704,132868.890625
3705,183582.671875
3706,156813.046875
3707,187338.84375
3708,115927.9296875
3709,136247.734375
3710,160493.34375
3711,286983.96875
3712,122456.0703125
3713,141841.15625
3714,138106.59375
3715,254484.40625
3716,136489
3717,163855.203125
3718,253117.34375
3719,168217.625
3720,129596.3203125
3721,162244.796875
3722,235126.890625
3723,149881.609375
3724,183899.34375
3725,129264.828125
3726,180623.28125
3727,143533.40625
3728,175650.53125
3729,147367.71875
3730,189470.5
3731,117202.28125
3732,170799.171875
3733,152756.828125
3734,182061.90625
3735,163138.125
3736,223206.8125
3737,132939.421875
3738,167831.8125
3739,125809.015625
3740,178824.15625
3741,141379.265625
3742,213311.40625
3743,197894.359375
3744,169373.9375
3745,153176.875
3746,218462.875
3747,291179.40625
3748,133862.734375
3749,148880.125
3750,227293.578125
3751,187431.171875
3752,202597.4375
3753,173841.828125
3754,223139.203125
3755,163345.984375
3756,234491.375
3757,207713.5625
3758,198086.625
3759,191504.8125
3760,185189.609375
3761,196461.375
3762,140220.453125
3763,152962.703125
3764,127253.1484375
3765,151298.171875
3766,241187.421875
3767,215745.296875
3768,146625.03125
3769,123353.8828125
3770,125494.5390625
3771,177161.203125
3772,183566.046875
3773,143690.265625
3774,196373
3775,146330.71875
3776,273602.71875
3777,159147.125
3778,130678.953125
3779,223040.234375
3780,127523.5703125
3781,230599.578125
3782,119166.1875
3783,177400.671875
3784,104161.8125
3785,298060.28125
3786,145440.25
3787,238266.828125
3788,138853.859375
3789,188000.765625
3790,148522.875
3791,132522.140625
3792,159812.046875
3793,149291.25
3794,169197.328125
3795,141837.59375
3796,154079.34375
3797,148082.6875
3798,193621.296875
3799,133688.671875
3800,248113.671875
3801,174336.125
3802,128622.21875
3803,249120.78125
3804,181882.3125
3805,133143.03125
3806,222633.5625
3807,130997.2421875
3808,134605.375
3809,184163.9375
3810,183138.46875
3811,168873.328125
3812,152731.84375
3813,155051.453125
3814,135884.5
3815,123191.8828125
3816,136123.765625
3817,182463.625
3818,136004.34375
3819,114067.46875
3820,167940.625
3821,161565.953125
3822,92149.2890625
3823,160734.125
3824,162238.328125
3825,150818.875
3826,188629.59375
3827,164997.90625
3828,139903.28125
3829,216746.78125
3830,170496.375
3831,146296.96875
3832,132680.046875
3833,169150.578125
3834,217425.203125
3835,249633.265625
3836,166876.328125
3837,155356
3838,159663.96875
3839,150092.453125
3840,153944.65625
3841,205436.171875
3842,147071.734375
3843,134946.65625
3844,142616.328125
3845,270291.0625
3846,125730.0078125
3847,178822.34375
3848,202731.234375
3849,157440.25
3850,160466.21875
3851,117200.2265625
3852,173027.609375
3853,129830.2734375
3854,160194.71875
3855,211112.703125
3856,147047.546875
3857,161671.859375
3858,180079.78125
3859,222215.1875
3860,218300.515625
3861,177012.296875
3862,172536.3125
3863,134450.5
3864,110012.2421875
3865,156896.21875
3866,255015.8125
3867,249620.40625
3868,103000.4765625
3869,224371.34375
3870,142562.21875
3871,198151.609375
3872,231838.140625
3873,198967.796875
3874,206638.875
3875,170894.640625
3876,202623.796875
3877,171368.78125
3878,190363.296875
3879,105730.7265625
3880,169541.9375
3881,158851.71875
3882,191746.109375
3883,213336.546875
3884,172002.25
3885,128306.3515625
3886,174324.015625
3887,179722.125
3888,203056.046875
3889,138622.96875
3890,183394.078125
3891,217591.984375
3892,118527.0625
3893,169837.984375
3894,229209.171875
3895,210632.796875
3896,156722.40625
3897,151752.796875
3898,198190.96875
3899,137899.75
3900,138424.375
3901,181920.765625
3902,233145.9375
3903,178372.4375
3904,158060.9375
3905,130602.6328125
3906,156338.78125
3907,121382.6484375
3908,185881.875
3909,151976.671875
3910,160640.21875
3911,207303.140625
3912,179091.296875
3913,119542.8828125
3914,111800.5234375
3915,133816.15625
3916,156764.75
3917,154183.40625
3918,248948.90625
3919,199110.28125
3920,248044.375
3921,129865.0703125
3922,164127.3125
3923,114013.1328125
3924,185380.671875
3925,99446.6640625
3926,148293.203125
3927,165652.875
3928,184696.109375
3929,143387.8125
3930,126671.59375
3931,136522.71875
3932,179341.21875
3933,235957.203125
3934,289498.0625
3935,187041.859375
3936,122428.046875
3937,131970.015625
3938,204735.359375
3939,181922.71875
3940,187639.921875
3941,149032.390625
3942,160661.203125
3943,148702.609375
3944,101920.65625
3945,146632.234375
3946,206284.703125
3947,195267.21875
3948,217134.171875
3949,154424.796875
3950,161804.421875
3951,209757.203125
3952,189471.3125
3953,171695.703125
3954,151047.234375
3955,187874.0625
3956,154408.65625
3957,218660.328125
3958,225055.078125
3959,195454.90625
3960,137754.953125
3961,191271.921875
3962,166284.28125
3963,184450.21875
3964,131700.953125
3965,163353.234375
3966,187596.421875
3967,188808.609375
3968,182432.59375
3969,158091.125
3970,128126
3971,159253.5625
3972,131387.109375
3973,165369.109375
3974,161995.046875
3975,186148.140625
3976,184368.734375
3977,158877.109375
3978,252658.078125
3979,208341.90625
3980,167898.8125
3981,173440.578125
3982,177990.34375
3983,131305.65625
3984,246171.765625
3985,104885.2734375
3986,162702.84375
3987,255474.546875
3988,143978.59375
3989,165623.828125
3990,167704.90625
3991,206675.796875
3992,255030.171875
3993,177874.4375
3994,172225.328125
3995,255721.234375
3996,196605.234375
3997,166097.828125
3998,147111.234375
3999,149240.375
4000,192213
4001,176917.3125
4002,145315.609375
4003,226294.234375
4004,255921.703125
4005,207991.5625
4006,155363.4375
4007,192800.546875
4008,209645.75
4009,172049.046875
4010,149596
4011,187229.25
4012,167428.71875
4013,164460.3125
4014,122556.890625
4015,160412.953125
4016,179161.921875
4017,123615.46875
4018,146998.5625
4019,170014.75
4020,169669.453125
4021,127659.3046875
4022,157247.0625
4023,215585.984375
4024,278804.125
4025,181023.140625
4026,172580.953125
4027,286563.75
4028,278136.53125
4029,210102.953125
4030,145160.0625
4031,166456.4375
4032,208150.96875
4033,247499.296875
4034,119567.3828125
4035,120642.4765625
4036,157204.640625
4037,141511.375
4038,158237.875
4039,263000.53125
4040,152342.09375
4041,202970.609375
4042,143474.65625
4043,157317.578125
4044,185091.03125
4045,141294.921875
4046,124134.5859375
4047,178026.34375
4048,170123.390625
4049,157190.453125
4050,157641.328125
4051,163364.984375
4052,186868.125
4053,138816.203125
4054,206953.625
4055,189653.1875
4056,150548.5625
4057,153338.5
4058,190729.96875
4059,218588.609375
4060,236782.0625
4061,143665.671875
4062,104043.3671875
4063,237150.71875
4064,134624.9375
4065,189396.65625
4066,134335.34375
4067,140058.359375
4068,132951.453125
4069,178401.6875
4070,134987.609375
4071,215305.859375
4072,148615.328125
4073,126356.2265625
4074,242810.046875
4075,209221.390625
4076,215919.234375
4077,176701.578125
4078,207250.59375
4079,224264.6875
4080,176026.953125
4081,159495.625
4082,124972.0859375
4083,135501.859375
4084,113977.390625
4085,288655.78125
4086,176149.609375
4087,167506.34375
4088,208109.125
4089,143149.140625
4090,145576.65625
4091,214187.5
4092,141605.765625
4093,116420.90625
4094,142575.78125
4095,219676.140625
4096,186794.59375
4097,107990.2890625
4098,181756.75
4099,159411.546875
4100,228570.515625
4101,149446.796875
4102,221085.609375
4103,156743.359375
4104,171398.71875
4105,146929.046875
4106,166761.65625
4107,151567.546875
4108,168996.53125
4109,128691.9609375
4110,144918.5
4111,190594.859375
4112,192287.96875
4113,213593.6875
4114,127160.0390625
4115,106446.2421875
4116,135469.59375
4117,205602.15625
4118,161414.640625
4119,164647.703125
4120,239251.015625
4121,155532.75
4122,158646.265625
4123,189108.84375
4124,150885.671875
4125,113733.3984375
4126,124487.6015625
4127,158909.453125
4128,224893.875
4129,135748.984375
4130,90773.375
4131,127374.078125
4132,162381.484375
4133,178020.984375
4134,113990.359375
4135,135050.125
4136,174098.65625
4137,185033
4138,117522.3671875
4139,108531.234375
4140,131127.84375
4141,193881.25
4142,186062
4143,186191.15625
4144,150498.34375
4145,149099.578125
4146,190377
4147,152754.296875
4148,190143.515625
4149,168655.8125
4150,222315.0625
4151,171645.234375
4152,142509.796875
4153,196319.390625
4154,203521.609375
4155,238252.890625
4156,166433.9375
4157,170889.4375
4158,136052.203125
4159,231845.28125
4160,210595.46875
4161,225607.703125
4162,229080.875
4163,160082.765625
4164,110959.3671875
4165,136820.71875
4166,246169.609375
4167,213803.984375
4168,141602.84375
4169,174786.140625
4170,161431.34375
4171,167317.09375
4172,146005.9375
4173,139192.34375
4174,171818.84375
4175,195785.296875
4176,212803.671875
4177,159256.15625
4178,255769.75
4179,165245.171875
4180,135241.3125
4181,129495.0546875
4182,135514.8125
4183,129859.9375
4184,161876.828125
4185,194978.3125
4186,151884.765625
4187,164821.421875
4188,247365.84375
4189,123890.921875
4190,126879.4140625
4191,147217.578125
4192,200820.390625
4193,165004.390625
4194,173115.453125
4195,191595.328125
4196,158265.828125
4197,153531.171875
4198,188578.84375
4199,270933.0625
4200,187290.171875
4201,185029.34375
4202,157293.875
4203,214190.71875
4204,168166.5
4205,130579.328125
4206,137016.34375
4207,202805.34375
4208,149410.140625
4209,171673.640625
4210,157573.109375
4211,166822.171875
4212,139701.53125
4213,138328.59375
4214,240490.375
4215,182834.953125
4216,157209.71875
4217,203051.984375
4218,180138.34375
4219,154832.359375
4220,186504.140625
4221,135708.515625
4222,235993.296875
4223,168048.421875
4224,151105.625
4225,138795.546875
4226,200181.015625
4227,210864.640625
4228,206753.1875
4229,186269.0625
4230,101745.7109375
4231,118852.96875
4232,153498.421875
4233,142971.46875
4234,185362.640625
4235,156060.953125
4236,137092.71875
4237,196345.296875
4238,221260.734375
4239,145167.96875
4240,244726.25
4241,189337.03125
4242,273718.65625
4243,311267.09375
4244,250978.46875
4245,126970.65625
4246,194396.765625
4247,134594.078125
4248,117165.53125
4249,241408.703125
4250,194831.203125
4251,200569.03125
4252,142548.46875
4253,227697.40625
4254,134868.296875
4255,175512.609375
4256,141180.328125
4257,146178.90625
4258,125306.359375
4259,117616.3046875
4260,116097.1796875
4261,187599.984375
4262,165156.578125
4263,130643.546875
4264,152436.703125
4265,161138.40625
4266,192325.25
4267,150773.921875
4268,122684.875
4269,143719.203125
4270,226382.8125
4271,213913.171875
4272,154298
4273,244408.03125
4274,235809.5625
4275,171374.140625
4276,162529.703125
4277,137773.1875
4278,163949.28125
4279,206611.578125
4280,120867.59375
4281,182885.203125
4282,179340.1875
4283,214586.15625
4284,203494.734375
4285,148363.921875
4286,151259.75
4287,112228.9140625
4288,139973.09375
4289,112245.1328125
4290,187236.671875
4291,158424.703125
4292,221294.25
4293,255960.796875
4294,126735.40625
4295,153732.53125
4296,177927.640625
4297,277713.0625
4298,140557.828125
4299,240586.40625
4300,324756.6875
4301,162687.96875
4302,177638.671875
4303,161379.984375
4304,133117.59375
4305,287215.28125
4306,255599.265625
4307,128120.703125
4308,152511.296875
4309,138288.265625
4310,109187.421875
4311,148805.171875
4312,169501.625
4313,126098.8671875
4314,196571.359375
4315,258247.265625
4316,146199.6875
4317,108206.4609375
4318,258113.984375
4319,106492.96875
4320,191100.46875
4321,184328.859375
4322,227224.03125
4323,147781.640625
4324,181672.734375
4325,101855.734375
4326,118445.109375
4327,214160.015625
4328,173141.203125
4329,152407.953125
4330,151840.875
4331,184657.609375
4332,143547.40625
4333,136441.03125
4334,151438.84375
4335,137012.0625
4336,130896.7734375
4337,159334.21875
4338,137876.140625
4339,215932.3125
4340,151216.3125
4341,154577.40625
4342,194274.15625
4343,148890.09375
4344,145381.4375
4345,132726.390625
4346,137279.71875
4347,166563.4375
4348,120559.421875
4349,168321.453125
4350,129552.0546875
4351,264221.28125
4352,133806.1875
4353,175871.34375
4354,138192.21875
4355,132427.34375
4356,150235.046875
4357,175896.234375
4358,193356.453125
4359,154526.390625
4360,132134.796875
4361,126396.4375
4362,157910.109375
4363,128175.796875
4364,242989.984375
4365,156617.578125
4366,153578.703125
4367,136860.015625
4368,176328.15625
4369,159106.140625
4370,146397.390625
4371,143582.671875
4372,155728.4375
4373,183662.734375
4374,166874.921875
4375,139340.890625
4376,141033.375
4377,183212.15625
4378,244032.40625
4379,122917.0703125
4380,146656.765625
4381,129808.1171875
4382,162154.640625
4383,140360.96875
4384,268579.6875
4385,166659.109375
4386,138498.25
4387,169212.703125
4388,235654.171875
4389,175669.5625
4390,124900.34375
4391,151804.265625
4392,200765.453125
4393,190595.28125
4394,207197.203125
4395,188154.140625
4396,130986.5703125
4397,123060.34375
4398,157312.328125
4399,159304.625
4400,216716.375
4401,210407.625
4402,246540.328125
4403,162507.265625
4404,200227.4375
4405,142212.921875
4406,204363.28125
4407,179726.71875
4408,173417
4409,257895.6875
4410,148468.875
4411,140831.96875
4412,137443.828125
4413,150555.90625
4414,210986.59375
4415,216442.796875
4416,161731.671875
4417,185971.0625
4418,203270.953125
4419,293789.6875
4420,177201.03125
4421,138956.9375
4422,172400.53125
4423,107440.8046875
4424,166228.625
4425,172724.09375
4426,133535.046875
4427,183202.796875
4428,129723.7265625
4429,161181.046875
4430,153165.421875
4431,224979.4375
4432,120929.6953125
4433,135689.0625
4434,126467.0546875
4435,179894.921875
4436,151076.65625
4437,206389.75
4438,170372.921875
4439,257342.484375
4440,206118.8125
4441,245970.140625
4442,216766.4375
4443,164028.65625
4444,177851.96875
4445,122647.7109375
4446,115164.703125
4447,186389.578125
4448,116712.4296875
4449,144329.515625
4450,157503.484375
4451,153009.578125
4452,176122.453125
4453,116654.390625
4454,161095.75
4455,132111.578125
4456,189203.25
4457,162681.9375
4458,134911.765625
4459,142009.984375
4460,226648.015625
4461,188607.625
4462,231633.09375
4463,122955.265625
4464,193794.34375
4465,161792.5
4466,281299.9375
4467,154032.8125
4468,253659.484375
4469,179258.84375
4470,233705.609375
4471,224732.796875
4472,199311.078125
4473,160370.78125
4474,142109.125
4475,241265.90625
4476,124854.453125
4477,271003.875
4478,160740.9375
4479,142336.09375
4480,154255.859375
4481,191815.140625
4482,223985.28125
4483,170826.546875
4484,126917.1328125
4485,158697.109375
4486,141266.359375
4487,152612.3125
4488,174962.21875
4489,163516.421875
4490,197013.640625
4491,186717.46875
4492,145313.046875
4493,115163.5546875
4494,148958.671875
4495,138800.203125
4496,139515.40625
4497,173528.296875
4498,123750.9375
4499,144643.296875
4500,277605.71875
4501,157597.34375
4502,130139.34375
4503,196383.9375
4504,165223.453125
4505,117406.34375
4506,197743.125
4507,232406.859375
4508,195914.59375
4509,133801.71875
4510,197114.09375
4511,166040.03125
4512,136272.328125
4513,176285.125
4514,126800.9453125
4515,166377.3125
4516,145374.109375
4517,324275.1875
4518,175724.203125
4519,159366.71875
4520,129167.359375
4521,159381.125
4522,146541.515625
4523,180288.796875
4524,143682.1875
4525,237152.9375
4526,183072.203125
4527,244976.734375
4528,113743.4765625
4529,145512.15625
4530,200042.953125
4531,185794.375
4532,179055.125
4533,159625.5625
4534,171363.921875
4535,163544.84375
4536,140564.515625
4537,148161.015625
4538,153734.375
4539,124351.9765625
4540,154049.421875
4541,179487.3125
4542,164995.265625
4543,159685.859375
4544,149326.515625
4545,248427.03125
4546,195710.46875
4547,194019.15625
4548,173677.609375
4549,148370.109375
4550,141442.921875
4551,161906.515625
4552,218198.078125
4553,167101.546875
4554,133350.6875
4555,127986.1328125
4556,184136.75
4557,178267.234375
4558,158726.765625
4559,179399.3125
4560,145454.90625
4561,155494.921875
4562,133170.359375
4563,166822.796875
4564,138738.234375
4565,195326.203125
4566,147468.515625
4567,190199.375
4568,185674.390625
4569,168353.578125
4570,138578.375
4571,263231.78125
4572,208516.984375
4573,153701.015625
4574,150031.8125
4575,175220.796875
4576,162734.1875
4577,156685.9375
4578,194922.28125
4579,201262.265625
4580,192767.640625
4581,147638.78125
4582,140879.765625
4583,216910.3125
4584,111378.0078125
4585,147489.5
4586,130023.7734375
4587,158509.03125
4588,210835.515625
4589,148430.484375
4590,142924.421875
4591,133404.9375
4592,215033.484375
4593,128584.75
4594,157140.390625
4595,142780.046875
4596,131855.859375
4597,172499.59375
4598,142753.921875
4599,98623.4609375
4600,182568.015625
4601,200760.59375
4602,159919.859375
4603,133843.71875
4604,136343.078125
4605,209866.5625
4606,171353.28125
4607,130865.046875
4608,152028.734375
4609,180021.375
4610,171218.15625
4611,182186.1875
4612,210301.0625
4613,207820.046875
4614,168937.765625
4615,204202.5
4616,212594.28125
4617,189996.71875
4618,145666.390625
4619,167774.828125
4620,190933.21875
4621,163814.90625
4622,189663.71875
4623,145066.203125
4624,124303.640625
4625,162459.171875
4626,119293.8046875
4627,149343.015625
4628,162652.21875
4629,198814.984375
4630,121502.8125
4631,192210.671875
4632,196700.609375
4633,173863.34375
4634,170369.5
4635,154189.375
4636,185784.046875
4637,146936.515625
4638,147688.671875
4639,155690.421875
4640,165615.390625
4641,147721.96875
4642,169197.640625
4643,115201.3046875
4644,117894.9140625
4645,169693.65625
4646,251066.203125
4647,204392.9375
4648,108468.8984375
4649,219313.90625
4650,152305.8125
4651,143988.75
4652,124811.21875
4653,177980
4654,152641.5
4655,131222.171875
4656,113313.7421875
4657,207147.21875
4658,146829.046875
4659,163321.84375
4660,194306.859375
4661,133307.3125
4662,134481.484375
4663,171223.484375
4664,205198.53125
4665,165142.390625
4666,172475.609375
4667,174816.25
4668,153662.96875
4669,126099.1484375
4670,154415.78125
4671,142673.484375
4672,188297.984375
4673,104897.2109375
4674,192758.171875
4675,129310.671875
4676,242117.234375
4677,123589.59375
4678,169253
4679,164132.296875
4680,280025.40625
4681,111168.640625
4682,186282.75
4683,162692.921875
4684,159740.0625
4685,205480.390625
4686,131812.453125
4687,221396.671875
4688,195129.09375
4689,169876.125
4690,160917.9375
4691,296801.03125
4692,182099.953125
4693,175469.640625
4694,199554.890625
4695,163671.546875
4696,203262.484375
4697,151309.25
4698,150330.609375
4699,183156.5625
4700,142082.71875
4701,159096.796875
4702,157520.09375
4703,163803.453125
4704,190747.109375
4705,105850.140625
4706,103814.2109375
4707,173303.28125
4708,157340.15625
4709,129322
4710,157964.375
4711,136304.15625
4712,150817.265625
4713,176795.65625
4714,182562.25
4715,128831.4765625
4716,152732.046875
4717,122758.1796875
4718,121576.1328125
4719,150627.140625
4720,239198.21875
4721,163562.984375
4722,170402.90625
4723,139939.125
4724,169822.671875
4725,182006.109375
4726,130998.09375
4727,162359.1875
4728,133540.046875
4729,155006.609375
4730,140371.671875
4731,143642.953125
4732,230856.25
4733,148797.234375
4734,164176.640625
4735,161809.28125
4736,184725.796875
4737,140446.21875
4738,158576.859375
4739,116808.671875
4740,277514.53125
4741,157614.109375
4742,122067.75
4743,262598.1875
4744,158957.328125
4745,152919.375
4746,133299.78125
4747,202076.671875
4748,131615.0625
4749,175322.046875
4750,179493.265625
4751,145601.25
4752,159648.46875
4753,175430.40625
4754,133189.484375
4755,150320.53125
4756,156081.359375
4757,237938.4375
4758,144334.5
4759,146306.359375
4760,120975.984375
4761,153135.484375
4762,137591.84375
4763,238137.90625
4764,156532.3125
4765,161382.125
4766,191595.15625
4767,175754.5
4768,197185.046875
4769,161145.546875
4770,148628.59375
4771,185111.15625
4772,144818.375
4773,142431.109375
4774,154281.890625
4775,151047.03125
4776,142897.171875
4777,189234.796875
4778,208251.984375
4779,192235.015625
4780,161611.15625
4781,140315.859375
4782,184631.96875
4783,287558.71875
4784,145903.5
4785,104809.7734375
4786,226546.921875
4787,148046.140625
4788,148185.96875
4789,166283.1875
4790,147332.140625
4791,123696.9609375
4792,179476.265625
4793,180745
4794,131687.078125
4795,210678.515625
4796,124265.8984375
4797,211177.359375
4798,126936.15625
4799,142843.390625
4800,146123.875
4801,156744.640625
4802,164930.640625
4803,141582.078125
4804,177685.359375
4805,212970.796875
4806,176302.5625
4807,151540.90625
4808,184819.6875
4809,155433.546875
4810,144386.328125
4811,146224.203125
4812,158067.09375
4813,220903.171875
4814,155483.140625
4815,147240.5
4816,161645.96875
4817,200896.9375
4818,250911.984375
4819,162200.9375
4820,186287.390625
4821,224204.5
4822,147062.546875
4823,167244.09375
4824,134015.296875
4825,192300.078125
4826,154994.515625
4827,156117.9375
4828,173530.40625
4829,184377.765625
4830,125953.5
4831,167998.40625
4832,174243.890625
4833,153112.15625
4834,128787.5625
4835,173214.84375
4836,144102.953125
4837,151918.890625
4838,130913.6015625
4839,173608.1875
4840,261822.125
4841,176761.828125
4842,159914.484375
4843,139555.3125
4844,227194.71875
4845,179580.5
4846,178097.625
4847,183546.171875
4848,165112
4849,190413.515625
4850,156203.234375
4851,184132.515625
4852,160233.359375
4853,166744.78125
4854,171172.328125
4855,149229.109375
4856,185984.296875
4857,154568.859375
4858,265688.375
4859,152589.359375
4860,138671.640625
4861,172280.5625
4862,162619.390625
4863,185995.703125
4864,131608.015625
4865,161620.0625
4866,200137.296875
4867,152063.6875
4868,209514.859375
4869,126692.4453125
4870,171881.75
4871,163781.375
4872,200836.96875
4873,147338.4375
4874,144154.203125
4875,112725.4140625
4876,142311.109375
4877,198477.375
4878,134816.15625
4879,121922.5234375
4880,161938.40625
4881,131798.765625
4882,148331.96875
4883,179533.703125
4884,204553.5625
4885,179092.203125
4886,130090.9765625
4887,202897.28125
4888,195675.09375
4889,145569.265625
4890,165891.234375
4891,168289.625
4892,165975.640625
4893,147557.59375
4894,168619.203125
4895,149267.25
4896,146924.875
4897,142483.21875
4898,205661.296875
4899,162309.484375
4900,153001.703125
4901,196709.453125
4902,169795.453125
4903,144600.40625
4904,230076.609375
4905,224648.59375
4906,204186.859375
4907,180149.5
4908,183991.625
4909,154753.59375
4910,245205.875
4911,128372.421875
4912,151625.484375
4913,169351.328125
4914,130017.6328125
4915,241926.765625
4916,230960.8125
4917,167538.75
4918,219701.328125
4919,160433.484375
4920,125376.9765625
4921,231100.75
4922,178323.125
4923,147819.578125
4924,114830.21875
4925,170725.171875
4926,199609.890625
4927,186344.015625
4928,234661.015625
4929,168966.734375
4930,130218.0625
4931,155688.03125
4932,121169.3046875
4933,204553.796875
4934,297086.25
4935,179911.78125
4936,143221.578125
4937,183887.390625
4938,170842.921875
4939,135677.90625
4940,193906.484375
4941,154792.25
4942,126920.2578125
4943,103858.1640625
4944,205487.28125
4945,204338.578125
4946,143988.765625
4947,112755.7890625
4948,270872.28125
4949,206260.203125
4950,154916.125
4951,207769.171875
4952,145038.265625
4953,203291.734375
4954,144318.84375
4955,156992.203125
4956,131718.09375
4957,195447.75
4958,155596.71875
4959,128235.625
4960,196299.46875
4961,189152.109375
4962,202125.8125
4963,232827.953125
4964,182222.125
4965,201259.3125
4966,177963.78125
4967,191908.640625
4968,208792.390625
4969,178726.53125
4970,148095.78125
4971,130748.3515625
4972,152753.28125
4973,122366.9375
4974,159570.578125
4975,121345.53125
4976,174196.703125
4977,102425.421875
4978,160231.9375
4979,140561.9375
4980,179957.59375
4981,163276.484375
4982,156048.75
4983,189378.96875
4984,216666.515625
4985,129206.3671875
4986,97686.90625
4987,188133.609375
4988,103126.875
4989,139579.328125
4990,144416.28125
4991,159753.28125
4992,147909.453125
4993,187974.375
4994,192855.640625
4995,315442.03125
4996,224582.96875
4997,196484.375
