"0","fwrite(all_dat, ""data/all_data.csv"")"
"1","Written 24.3% of 7009728 rows in 2 secs using 1 thread. maxBuffUsed=20%. ETA 6 secs.      "
"1","Written 38.4% of 7009728 rows in 3 secs using 1 thread. maxBuffUsed=20%. ETA 4 secs.      "
"1","Written 54.9% of 7009728 rows in 4 secs using 1 thread. maxBuffUsed=20%. ETA 3 secs.      "
"1","Written 71.3% of 7009728 rows in 5 secs using 1 thread. maxBuffUsed=20%. ETA 2 secs.      "
"1","Written 87.2% of 7009728 rows in 6 secs using 1 thread. maxBuffUsed=20%. ETA 0 secs.      "
"1","                                                                                                                                     "
