"0","```r
# inspect OrdwaySpeciesNames
glimpse(OrdwaySpeciesNames)
```"
"1","Rows: 265
Columns: 2
$ SpeciesName        <chr> \"\", \"-lost-\", \"-missing-\", \"[Nothing, just dashes]\", \"13:00:00\", \"Acadian Flycatcher\", \"American Gold…
$ SpeciesNameCleaned <chr> NA, NA, NA, NA, NA, \"Acadian Flycatcher\", \"American Goldfinch\", \"American Goldfinch\", \"American Goldf…
"
"0","```r
# inner join
Species <-
  UniqueSpecies %>%
  inner_join(OrdwaySpeciesNames)
```"
"1","Joining, by = \"SpeciesName\"
"
"0","```r
# inspect the data after the join
Species
```"
